Id,Username,Twitter link (auto),Telegram link (auto),Address,Status,Telegram (edit here),In the chat? (edit here),In the chat? (edit here),Notes (edit here),,,
#625,blyatbruv,blyatbruv,ceedashdashthree,0x522b9c4dBBcC2a70946da16126c565e2DAd40D19,alive,ceedashdashthree,Y,Green,,,,
#262,clay_devlin,clay_devlin,,0xBeBBE491E0f9422f427e8Ca45fDC3575aa258D18,alive,,Y,Green,,,,
#569,0x_Joe,0x_Joe,,0x1Ba2A537A771AA4EaC2f18427716557e4E744864,alive,,Y,Green,0x-joe on fc,,,
#564,,,jamessyoung,0x5bb3e1774923b75Ecb804E2559149BbD2a39A414,alive,jamessyoung,Y,Green,green,,,
#544,ETHtoad,ETHtoad,icet0ad,0x7FA6E5f1d1F830524F7201Ac3BA85bEB05d014E3,alive,icet0ad,Y,Green,,,,
#512,,,willywonka,0x06AE622bF2029Db79Bdebd38F723f1f33f95F6C5,alive,willywonka,Y,Green,,,,
#204,0xmcg,0xmcg,mcgingras,0x65A3870F48B5237f27f674Ec42eA1E017E111D63,alive,mcgingras,Y,Green,,,,
#21,segall_max,segall_max,mjsegall,0x89213f11E4A356d450Ab89A876F4c1cb5B8996DA,alive,mjsegall,Y,Green,,,,
#460,0xphilgood,0xphilgood,plabrecque,0x21dCee6D9E6E92b85607f0cC16D625cAcEf9E45f,alive,plabrecque,Y,Green,,,,
#97,BrainsyEth,BrainsyEth,BrainsyEth,0x019061f6272B28e9d6BaaD2a1D65d0C16Bd8c555,alive,BrainsyEth,Y,Green,,,,
#616,N0th1n3,N0th1n3,,0x35b9571eF5eAA24EC626ACdDDE3B02B595A5eB0B,alive,,Y,Green,Green,,,
#562,marvelgirl_eth,marvelgirl_eth,,0x04288bD27F440C479f239DCf8872e082D6731840,alive,,Y,Green,,,,
#377,gauthamzzz,gauthamzzz,,0x8136Efbaf75D7b13F033573666f393d65Da35953,alive,,Y,Green,,,,
#442,0xSyedsh,0xSyedsh,,0xC3048079040C993818021e955b62102094cd4d03,alive,,Y,Red,,,,
#500,AK_AI_NOW,AK_AI_NOW,ack129,0xD541d457c4C310dc3815Fd9E2a296667d3910661,alive,ack129,Y,Green,,,,
#573,BullStern,BullStern,BullStern,0x2F24B90090FC0f861eAefC05a7d15A3F5dDFdBf4,alive,BullStern,Y,Green,,,,
#197,evangreenberg,evangreenberg,EvanG6,0xf4B7ea73A5BC5b1bAa7EbcA91520f0998A132877,alive,EvanG6,Y,Green,,,,
#389,kristyanakayy,kristyanakayy,kristyanak,0xC04658e8eA8b083Ce198Ee004D9fa9722C36d247,alive,kristyanak,Y,Green,,,,
#707,Adrianricard0,Adrianricard0,Adrianricard0,0x15a3d0fb90Bb6358F165B2915273A086453Bfa77,alive,Adrianricard0,Y,Green,,,,
#543,0xZaraArt,0xZaraArt,0xZara.eth,0x8aaeF3C365f90318d15944587D1D3d842e16565A,alive,0xZara.eth,Y,Orange,,,,
#524,taycaldwell,taycaldwell,taycaldwell,0x95e32bA428421a24D77DDCc882696330161963B2,alive,taycaldwell,Y,Red,,,,
#422,AnaRegen,AnaRegen,chilldgxx,0x51C245bf26a2fc8AC2D638F6ba2B155875a78b9F,alive,chilldgxx,Y,Pink,,,,
#89,chshux,chshux,chshux,0x5AdF1C982Bde935cE98a07E115fF8D09254Ecb1B,alive,chshux,Y,Orange,,,,
#374,ceejifi,ceejifi,ceejifi,0x621E0A8AE1A8c0862e8263774CAfeD736Da85dc7,alive,ceejifi,Y,Green,,,,
#368,CharliCohen,CharliCohen,charlicohen,0xEEa5E23c7a42Bfbf2C5bf0228e82F2f2dddC9fd3,alive,charlicohen,Y,Green,,,,
#347,zarifpr,zarifpr,zarifpour,0x2A5ef96E7D5537D777A0dc53FdbF7a23545CEd9b,alive,zarifpour,Y,Orange,,,,
#311,jordankstewart,jordankstewart,seas0ns3,0xA891bb21f8Ad5e346D9c2076cdFCA04109c82185,alive,seas0ns3,Y,Orange,,,,
#453,divine_comedian,divine_comedian,divine_comedian,0x826976d7C600d45FB8287CA1d7c76FC8eb732030,alive,divine_comedian,Y,Orange,listed for sale,,,
#12,0xNN2,0xNN2,nintynick,0x516cAfD745Ec780D20f61c0d71fe258eA765222D,alive,nintynick,Y,Orange,,,,
#357,0xKamilZ,0xKamilZ,kamilzielinski,0x8A589E292c3819D91BC7eEBb20856936447E167F,alive,kamilzielinski,Y,Orange,,,,
#486,alexmccullaaa,alexmccullaaa,,0xEf805b6665D14bF16F13c4Dd7F5E74B35dcd5940,alive,,Y,Yellow,,,,
#162,ProfWerder,ProfWerder,Profwerder,0xCEEd9585854F12F81A0103861b83b995A64AD915,alive,Profwerder,Y,Green,,,,
#129,dcwj,dcwj,danielcjames,0x58f7755998Bbb778175D3361eD2437ABD9e5aBB5,alive,danielcjames,Y,Gold,,,,
#147,seanwbren,seanwbren,seanwbren,0x0cb27e883E207905AD2A94F9B6eF0C7A99223C37,alive,seanwbren,Y,Blue,,,,
#150,Christian_Dtmr,Christian_Dtmr,,0x5dBBcFaE7Ad3C6664C96f6439575332BC8157E2D,alive,,Y,Pink,,,,
#591,ulerdogan,ulerdogan,ulerdogan,0x55aEd0ce035883626e536254dda2F23a5b5D977f,alive,ulerdogan,Y,Pink,Pink,,,
#514,4tt4r,4tt4r,alexanderattar,0x1318d3420b0169522eB8F3EF0830aceE700A2eda,alive,alexanderattar,Y,Pink,,,,
#466,NaniSkinner,NaniSkinner,naniskinner,0xF40FC7d09b09fc7c11da8dCDAC1b203cB0dda829,alive,naniskinner,Y,Pink,,,,
#126,polmaire,polmaire,,0xf9a3BB070c1f9b3186A547DeD991BeD04a289C5B,alive,,Y,Pink,,,,
#120,cryptovettai,cryptovettai,@CryptoVettai,0xb29006bB01F23fffC36b0dfc5c5b7D23e57cE729,alive,@CryptoVettai,Y,Pink,,,,
#7,jayhinz,jayhinz,jayhinz,0xF4535370D689108815BB0618E7ae11de0e339fcA,alive,jayhinz,Y,Pink,,,,
#104,sophxtam,sophxtam,sophxtam,0x3024057f200d142e8eE9Bab151df8F87De8D68AB,alive,sophxtam,Y,Pink,username: 0xshumai; twitter/tg: sophxtam,,,
#80,ddwchen,ddwchen,,0xcEd09CCFc82b091195bdE04E6Cd65374518E7b95,alive,,Y,Pink,,,,
#49,SeanWince,SeanWince,SeanWince,0x07e522bd635710e752343387b006BB7047663d77,alive,SeanWince,Y,Pink,,,,
#141,esdotge,esdotge,@esdotge.eth,0x3Cc1A943B27c2AF7c6dcF3Be0137f66c2f22E712,alive,@esdotge.eth,Y,Pink,,,,
#281,zjenis,zjenis,zeej,0x0cDAdDa163f1Bef79Df9dF2a34e7cCB790aEE48f,alive,zeej,Y,Yellow,,,,
#647,julian_colombo,julian_colombo,julian_colombo,0x249126c8DE8f6C4Eaa62C707B5C53Bb2B61D9182,alive,julian_colombo,Y,Silver,,,,
#18,westley7612,westley7612,LeoWestley,0x5f81FE14Ff7004B54b5dA2e4c7E63AFdAa33cEd7,alive,LeoWestley,Y,Silver,,,,
#627,juubiesaphoenix,juubiesaphoenix,juubiesaphoenix,0xe0Bac6d36E57000F1aD2eB8cA0e9cC16FDd5dF81,alive,juubiesaphoenix,Y,Silver,Silver,,,
#32,theJVB,theJVB,,0x5FB33d75A1cFcdC922e736c06e01c1505b4643Db,alive,,Y,Silver,,,,
#542,wrapItachi,wrapItachi,wrapitachi,0xE679c3E06e673e546fCb087E4f0fC37403E4081C,alive,wrapitachi,Y,Silver,,,,
#484,zconn08,zconn08,,0x86c3854CbcF98c8932935d599A98d737C10d8DA2,alive,,Y,Silver,,,,
#498,,,tonycpo,0x47D5592606622D807F3B37E5e5C8268355E30925,alive,tonycpo,Y,Silver,,,,
#331,Cait_Cavell,Cait_Cavell,,0x97968E358AB5792247117137Cb2eA307a7ec268d,alive,,Y,Silver,,,,
#437,SuhailKakar,SuhailKakar,suhailkakar,0x0B75B7f58593789D9f8455E0f10b41702a7b870a,alive,suhailkakar,Y,Blue,,,,
#709,quid_defi,quid_defi,ghfjdjdke,0x95A0b558F81796c355c88808CB46BcAe337b3F7d,alive,ghfjdjdke,Y,Red,,,,
#541,setofsevens,setofsevens,franciscoppola,0xee5a3e1C0049089683F6183Cb5a4928085b330c0,alive,franciscoppola,Y,Red,,,,
#387,0ceans404,0ceans404,oceans404,0x2F7A3f2Dda7Fd36ad4D0c002c0E8D7B1Dac668B7,alive,oceans404,Y,Red,,,,
#344,blondeftw,blondeftw,blondeftw,0xEe16A7528BeC95efa330C1526C14329c14638714,alive,blondeftw,Y,Red,,,,
#716,,,Bertwurst,0x6a4D22c010955077e6E40d3b2367a56bB8203224,alive,Bertwurst,Y,Red,https://x.com/bertwurst ,,,
#254,domodata,domodata,iambixbite,0x073f0DC58e9989C827bA5b7b35570B7315652e63,alive,iambixbite,Y,Red,"Need to update Username, X account and Address ",,,
#695,GravenPrest,GravenPrest,gravenp,0x884Ff907D5fB8BAe239B64AA8aD18bA3f8196038,alive,gravenp,Y,Red,,,,
#605,,,bman42,0x9ffAab6c24d4fb58d61b26B08c8795E9E323F28B,alive,bman42,Y,Red,TheDude on Warpcast TheDudeA on Twitter previously red tribe in telegram chat,,,
#454,zmanian,zmanian,zakimanian,0x0B5943294f11599e2BD0728659D1cDD69704E0EC,alive,zakimanian,Y,Yellow,,,,
#42,rob_0x,rob_0x,,0x5f80fa8a11fcAb25bC4837F0009737D5e9CA9f3E,alive,,Y,Yellow,,,,
#593,0xPruitt,0xPruitt,pruitt_m,0xaEd73cDc76B2FD1fbFA68500E30E914aAa1135D2,alive,pruitt_m,Y,Yellow,,,,
#567,0xSrini,0xSrini,OxSrini,0x63429787eb0Bdc6a5c6Fb9e0ABe7A7A2EBE363fe,alive,OxSrini,Y,Yellow,,,,
#36,s0tric,s0tric,CassOnMars,0xCe4Eb76664210426e900C20D4A3741A6b0f64855,alive,CassOnMars,Y,Yellow,,,,
#459,kayprasla,kayprasla,kayprasla,0xdC4EfDac43475F434482e61805E0df96D2dC1DF4,alive,kayprasla,Y,Yellow,,,,
#180,runninyeti,runninyeti,,0x4F80864cD68782144e3736626896990acAe15a11,alive,,Y,Blue,,,,
#130,Web3Gen0,Web3Gen0,,0xeAc0FAFcCE7f1d9cAB5551414B642Aae6A60ae26,alive,,Y,Blue,,,,
#226,AmbassadorAivan,AmbassadorAivan,AmbassadorAivan,0xCF6Ffd58c3c3e72b07bFf2cD578573f5ecaf0280,alive,AmbassadorAivan,Y,Blue,,,,
#287,,,cryptskip,0x6ddC832B74f990e5A11Bb0D6AB5C9b4D442f3B47,alive,cryptskip,Y,Aqua,,,,
#22,Mathooss,Mathooss,MathijsMathijs,0xb9E8861c3486Efca7cf2B98482D286C9f6f44Df7,alive,MathijsMathijs,Y,Aqua,,,,
#305,0xnoneko,0xnoneko,0xnoneko,0x926facE31f3B3F1B35380b141D6ab370E41ab76a,alive,0xnoneko,Y,Aqua,,,,
#492,Placeholder2025,Placeholder2025,MichaelMilliardi,0x8A925a4a0a6200453CA9F5812b5F85C6f6f9c6Ff,safe,MichaelMilliardi,Y,Purple,"Twitter handle is @MikeMilliardi, while farcaster is Placeholder2025",,,
#520,crystalspaceshp,crystalspaceshp,crystalspaceshp,0xfE28D181a908F038F06151631aD854d24ec86bF6,alive,crystalspaceshp,Y,Purple,,,,
#220,DeFiDough,DeFiDough,DefiDough,0xeF44326887A8866f525ECaD41aF6d878EBb5Bb2A,alive,DefiDough,Y,Gold,,,,
#677,maxbutsaltier,maxbutsaltier,Bunnypaw22,0x787eB27CD753e4001641227F3c516C52A35A41C7,alive,Bunnypaw22,Y,Gold,X: @bunnybattle_xyz https://x.com/bunnybattle_xyz ,,,
#406,AgrawalAnanyaa,AgrawalAnanyaa,,0x39AdaaEcf563b61b450638d530BF111C6eB42e40,alive,,Y,Blue,,,,
#63,BSmokes_,BSmokes_,,0xa15499E085B440b04d790cbE24e03597E3717F3A,alive,,Y,Yellow,,,,
#284,p3shoemaker,p3shoemaker,,0x1f77d34deFF2B72B0A0258603eFFE72704742EBB,alive,,Y,Green,,,,
#578,BigDawgWooof,BigDawgWooof,Bigdawgwoof,0xFD4488400aAF0E40dC95CCbb2BC246aa8083145d,alive,Bigdawgwoof,Y,Green,,,,
#233,0xyNaMu,0xyNaMu,,0xa565ea02CAeF7D1b6b5B919f3fcF829647ed50dD,alive,,Y,Green,,,,
#324,hawaiianft,hawaiianft,,0xEbdB4F871ffF3ADD1afeE782077B9359a8CE8060,alive,,Y,Aqua,,,,
#581,crypto_irene,crypto_irene,DecentralizedIrene,0x0B062991f67d00E9F7CB0049A9E90a3Fa7e1a5d3,alive,DecentralizedIrene,Y,Blue,,,,
#471,404_cole,404_cole,cole404,0x817C48bB59e866d5baefC9A90d04a0CE4e7D543b,alive,cole404,Y,Gold,,,,
#433,RSTLSSxyz,RSTLSSxyz,Bendidhisbest,0xD0D001a2365F590D1E7DA9e7361331D86207834F,alive,Bendidhisbest,Y,Gold,,,,
#483,thebower_,thebower_,,0xDE0E95D63aC2903322d20d354f906a0701D6eE48,alive,,Y,Red,TG is thebower,,,
#692,karmaticacid,karmaticacid,laurenluz,0xCc24FDE84f1A18cB857F112EEEa4a35192063663,alive,laurenluz,Y,?,,,,
#335,palomasupremacy,palomasupremacy,,0x74D930D6129220C45976880337334297B6a5F76d,safe,,Y,?,,,,
#47,,,,0x126a11B11A238591444B0CB848DDbfac036a96b2,safe,,Y,?,,,,
#38,kaimicahmills,kaimicahmills,,0x7Bd8312697dE0CdfF4baD83c6Deb208fF3bB30DC,safe,,Y,?,,,Park cursors here->,CTG VIBE RAVE
#510,billyjitsu_,billyjitsu_,,0x6961367Ef8b92c1a306a68C87ADD9Eafd09f7787,alive,,Y,?,,,,
#473,sharvilmalik,sharvilmalik,sharvilmalik,0x3EC30B3581a89B7ACd57Ba93A72986CBDCDfB94f,alive,sharvilmalik,Y,?,,,,
#455,G7GrandMarquis,G7GrandMarquis,LeGrandMarquis ,0x554C6629F7Fe57f71E2DFF5e5D6fbB7e669bf4F0,alive,LeGrandMarquis ,Y,?,,,,
#428,0xVEER,0xVEER,zeroxVEER,0x7705d8798a8F2069c966C85ede7588c4C9340349,alive,zeroxVEER,Y,?,,,,
#417,0xHarsheth,0xHarsheth,xharsheth,0x1002871C44871bE0459974913a209dbAb79e3063,alive,xharsheth,Y,?,,,,
#400,TealFinance,TealFinance,zxether,0xB3Ac309Aee5780D951082731ff2Cc7F94f9488Fd,alive,zxether,Y,?,,,,
#394,JDHyper,JDHyper,JDHyper,0x745150611A9dd2B4f90F5aa02C112EAaA4375cFE,alive,JDHyper,Y,?,,,,
#360,azacharyf,azacharyf,Azacf20,0x25171bD3cD3231c3057c96F38E32E3bA6681497a,alive,Azacf20,Y,?,,,,
#359,FloB_Safe,FloB_Safe,FB_safe,0x70d38c419B0a453A4119ca07B7E481afA4769253,alive,FB_safe,Y,?,,,,
#345,andreaonchain,andreaonchain,anbrea,0x719c9eF0501e58E93F7b89A3Dbf453EFd242A8Bf,alive,anbrea,Y,?,,,,
#327,bvajresh,bvajresh,bvajresh,0xbFF4E4D88C1eFdE92438F527FA362DB538aeC558,alive,bvajresh,Y,?,,,,
#314,zkMoira,zkMoira,zkMoira,0x42982dAfD5577DB35255bB1Dab0B288464844de1,alive,zkMoira,Y,?,,,,
#303,Brentsketit,Brentsketit,,0xD0b4EE02E9bA15b9dac916d2CCAbaD50F836B24D,alive,,Y,?,,,,
#277,,,ManicPixieCowgirl,0xf35FB055a6D7015E307f4C53bE451e2df49CC16c,alive,ManicPixieCowgirl,Y,?,,,,
#276,Crypto_WenMoon,Crypto_WenMoon,Crypto_WenMoon,0xE36070Cb88351B94605f8AE78Ccf92627c94814e,alive,Crypto_WenMoon,Y,?,,,,
#268,johnsterlacci,johnsterlacci,,0x94C5d3A86856aF3Ff89F6722c1c39f7e53e26C3F,alive,,Y,?,,,,
#246,amelia_guertin,amelia_guertin,,0x71A07EbB65242D098C0A6992b525501F4981311D,alive,,Y,?,,,,
#201,realitycrafter,realitycrafter,,0x51603C7059f369aB04B16AddFB7BB6c4e34b8523,alive,,Y,?,,,,
#200,anquetil,anquetil,anq425,0x55045DA52be49461aF91a235E4303D4a9B2312AE,alive,anq425,Y,?,,,,
#174,worthalter,worthalter,patricioworthalter,0xf6B6F07862A02C85628B3A9688beae07fEA9C863,alive,patricioworthalter,Y,?,,,,
#163,bitsplaining,bitsplaining,FSPme,0x7a48A728d9Fd2d5a55c545c4378E5bA909349E90,alive,FSPme,Y,?,,,,
#156,grntwrght,grntwrght,Gruntdub,0xeA310C966D3Ff5E09c65487f1763B21361Eb71eF,alive,Gruntdub,Y,?,,,,
#128,dalechyn,dalechyn,dalechyn,0x7389Ec4FB686a16966f2975758e9F1B8345f5e63,alive,dalechyn,Y,?,,,,
#118,tednotlasso,tednotlasso,,0x0Aa34EB615ab330b64060ff9Fa994E72A7A95B59,alive,,Y,Blue,,,,
#110,0xSim0,0xSim0,DeFiSimo,0x2b3890BfeFa266eCA62563aF38a8CB42f99A4740,alive,DeFiSimo,Y,?,,,,
#105,bethanymarz,bethanymarz,,0xE8eEf01F7ac236FCeFb3260f445a006F5658054C,alive,,Y,?,,,,
#74,maikaisogawa,maikaisogawa,maikaisogawa,0x5b98d864A86A0C53964d017997f3281f675C0840,alive,maikaisogawa,Y,?,,,,
#72,MFL_tw,MFL_tw,,0xf7256eD518fa3A8b1dDb2bBb0Cd0071617df7bF4,alive,,Y,?,,,,
#65,kvnryn,kvnryn,kvnryn,0xc91A5bC46Be45ab8dB7a76d69a8D5C8c15cfFFF6,alive,kvnryn,Y,Pink,,,,
#54,Evan_Mann,Evan_Mann,,0x2f39D00a1fc21F2Dc9EB5671147c7AE98f254b6A,alive,,Y,?,,,,
#39,debsoon,debsoon,debbiesoon,0xE450637a5b515D5Bb09D2B75CB4ca89700Cc410C,alive,debbiesoon,Y,?,,,,
#34,akhil_bvs,akhil_bvs,akhil_bvs,0xaB14023979A34b4Abb17ABD099A1De1dc452011a,alive,akhil_bvs,Y,?,,,,
#585,0xhm_eth,0xhm_eth,mistascallopz,0xDe351EabA1881eD1c882B6C503C990f4Feac07c6,alive,mistascallopz,Y,?,,,,
#25,GSkrovina,GSkrovina,,0x45db9d3457c2Cb05C4BFc7334a33ceE6e19d508F,alive,,Y,?,,,,
#17,iamgaurangdesai,iamgaurangdesai,genieforgud,0x0040DAAC32D83c78546ae36dA42A496B28ab09E1,alive,genieforgud,Y,?,,,,
#16,Saxenasaheb,Saxenasaheb,Saxenasaheb,0x463757f957f3BC482cD7aF877565F90333C4B524,alive,Saxenasaheb,Y,?,,,,
#3,pratyushrungta,pratyushrungta,pratzyy,0xbC7B5142e390BBaABF8826dAE7E1ef9C609Df327,alive,pratzyy,Y,Silver,,,,
#2,mykcryptodev,mykcryptodev,mykdoteth,0x653Ff253b0c7C1cc52f484e891b71f9f1F010Bfb,alive,mykdoteth,Y,?,,,,
#528,OGosh33,OGosh33,O_Gosh,0x7B7736a2C07C4332FfaD45a039d2117aE15e3f66,alive,O_Gosh,Y,?,,,,
#438,0x_Aks,0x_Aks,Aks_Autonomint,0x9521B953f7A9F0F5Bb2E618274927D8AF27a4438,alive,Aks_Autonomint,Y,?,,,,
#653,cullipaa,cullipaa,Cullipaa,0x1B805e28d1536f28cD3C8EFb51B56248522ED11d,alive,Cullipaa,Y,?,,,,
#316,degentlefox,degentlefox,,0xA9fD03e154e1B3Cbe88F1b515E7EbDAb2d640b60,alive,,N,?,active in tg - Y,,,
#88,MSilb7,MSilb7,msilb7,0xEEad1396fe5f0daec6DbC04d8a43E85dDE4d97DA,alive,msilb7,N,Red,,,,
#190,0xBuildor,0xBuildor,,0xeB2b6802332C2a86be4479b1993Ba05AFD91D300,alive,,N,?,,,,
#458,ting,ting,tingw_xyz,0x2eb31ce9d261650c8f367cB076a314DAE2713DA6,alive,tingw_xyz,Y,?,,,,
#237,netdragon0x,netdragon0x,,0x25C150EE2346C980fb4F09456BEbA320B7284A7F,safe,,?,?,,,,
#210,georgebenton247,georgebenton247,,0xC6112549A6E2e2270d1aC9543eE67D44C44E3990,safe,,?,?,,,,
#151,314yushd,314yushd,,0x791D41b061891e7701461D672a0989abF1bc4005,safe,,?,?,,"I'm not good with excel, we can use this:",,Orange
#708,,,saintniko,0xec532fBeeE1ed797761D82d934693C78AEB32c63,alive,saintniko,Y,?,,,,
#706,,,,0xE1eEdbd1e08478707C794e7e8B1EE623f5fa6D64,alive,,Y,Red,,,,
#705,,,,0xd4C66AaACd90f3fdCc1ABA7e82394673FEc6fCd8,alive,,?,?,,,,
#703,,,,0x378ff65Cb9E9B83B86AA2534c9991e5B28F1Ec92,alive,,?,?,,,,
#701,,,ismailemin007,0xcCA02de5372cB0CaAc425543487789eEF5d17fB5,alive,ismailemin007,Y,Orange,,,,
#700,,,,0xfCDD256267ade068babfB94F526A47aADf143a55,alive,,?,?,,,,
#699,0xjooohn,0xjooohn,,0x40FEfD52714f298b9EaD6760753aAA720438D4bB,alive,,Y,?,,,,
#697,heavygweit,heavygweit,,0xbB0736dab65078C1A8f679A01de2438cCca8F4C1,alive,,?,?,,,,
#686,0xTahos,0xTahos,,0x4693DA4769A8A99610829b537417c970249b73AD,alive,,?,?,,,,
#661,chazinthewaves,chazinthewaves,,0xB2134Cd74FE2DF1a02c15b70b6b92435cE50111B,alive,,?,Gold,,,,
#658,jhruth,jhruth,,0xe3F4F3aD70C1190EC480554bbc3Ed30285aE0610,alive,,?,?,,,,
#652,neshtedle,neshtedle,,0x028D3A3b9f868bE412cCe0CDbbF4ef25c7a18BA7,alive,,?,?,,,,
#632,sgallardo_9,sgallardo_9,sgallardo9,0xe70E2906800b8cE69304C1C2236f6437BdD54d8F,alive,sgallardo9,?,Orange,,,,
#624,NathanVDH0x,NathanVDH0x,,0xf9551c66995eD3Ff9bb05C9Fd7ff148Bd75dc99a,alive,,Y,Purple,,,,
#615,LighthouseGov,LighthouseGov,,0x3Bf73ADe2F342d4141066bc855d383C9089027d2,alive,,?,?,,,,
#613,tvidhatha,tvidhatha,,0x3A2B4a32Cf84a0fa5D3FDCfF818Ebe9aa2Bd3c94,alive,,?,?,,,,
#607,arjunblj,arjunblj,,0xe6aDEF9101D9694b6faC17B4f1629650768661B1,alive,,?,?,,,,
#603,0xDiv,0xDiv,,0x61a36C36d95cD9e2b166556B4c858Fe1DDcCeBCc,alive,,?,?,,,,
#587,cigoldstein1,cigoldstein1,,0x344eb44C25946B88769Ef20C21318177C1916299,alive,,?,?,,,,
#576,alexfertel,alexfertel,,0x0fBa5Ef5Fe9cB69e45c9D06584fD8A0362cdC66E,alive,,Y,Green,,,,
#575,,,,0x631046BC261e0b2e3DB480B87D2B7033d9720c90,alive,,?,?,,,,
#560,toshitsom,toshitsom,,0xb39f0ecaA9D2F5fcbAbda3d7b7Bb20f16dc5b483,alive,,?,?,,,,
#559,0xrishavb,0xrishavb,,0xc86f7CCee8aAD2efc0B25759aA153d5220D341ec,alive,,?,?,,,,
#554,DonaldBullers,DonaldBullers,,0x08e39dCB146fae4782A367ce32E29DBE063B429b,alive,,?,?,,,,
#551,sneakerdad_,sneakerdad_,,0xc704389A3f999F325d568Df1Ab676d4B750F7C37,alive,,?,?,,,,
#545,,,,0x51FC9617FbCF0904E5506616686F0a69f6b9f479,alive,,?,?,,,,
#539,LinhVu79753303,LinhVu79753303,,0xd7f2cE975c31Dfb2A8192ea6Bc997c3ed6ad035a,alive,,?,?,,,,
#529,jaysonhobby,jaysonhobby,,0xF516f50F19F4732D94B9c91f5eFfe89e891428B4,alive,,?,?,,,,
#516,robertfelt_,robertfelt_,,0x9ca74fFF3aCD9ab9C55171A5ad23E014d0FF2902,alive,,?,?,,,,
#513,pagliachita,pagliachita,,0x8F2970c0f18E5030008f3fc93e35D707C28C75d9,alive,,?,?,,,,
#504,,,,0xF63F6A448C377A7D9F5dDB5860E4e51e54b5196F,alive,,?,?,,,,
#496,rakshitaphilip,rakshitaphilip,,0x3a2FaC2AB3cf4bc342910EAC744CC68C8b9a69bf,alive,,?,?,,,,
#495,Dhurcash,Dhurcash,,0x35b1ba1bb3458844D56262735C311Cd68c7E63f1,alive,,?,?,,,,
#491,,,,0x9FdEB58d90bD8D6ABF04c0C956Bba72b9d1DB0d4,alive,,?,?,"TG username xbrunes, in chat",,,
#489,portergeer,portergeer,,0x7c1555A3caE07da85488e941949dFEa2122c727F,alive,,?,?,,,,
#481,charliestarling,charliestarling,,0xd875Dab9416F1CE77EF0D45a46F2BfAD863a5f6D,alive,,?,?,,,,
#479,RXFITATX,RXFITATX,Trej,0xE8D90fe0eBfE811Ecc06ae581E4235842dBAEA8f,alive,Trej,Y,Green,,,,
#478,paigeprstn,paigeprstn,paigeprstn,0xe5109661caFe1f4736D6Cc9628f4cd0F83aC2597,alive,paigeprstn,Y,?,,,,
#477,Xiang_Python,Xiang_Python,,0x96CD470B09aD95ce61E6F8684003B88a85bC3d3B,alive,,?,?,"tg is ilikebreadalot, twitter is wemire8462, i was in gold, it wont let me intro the tg chat but im here",,,
#475,W_Y_X,W_Y_X,Wyxua,0xbb8eeB1b3494e123144Ce38E1aac8f7b96b5EfA5,alive,Wyxua,Y,?,,,,
#474,fredsparks_,fredsparks_,,0x141eB026eA347dc5B876de41F4446445262aa610,alive,,Y,?,,,,
#472,Shahabs,Shahabs,,0x56E52Ad9047609697296c1a0915A3bc829E899F2,alive,,?,?,,,,
#457,Mumufengg,Mumufengg,,0x994F9E583A38A38f0ae2664f0A82565257D77742,alive,,?,?,,,,
#456,,,,0xC322E8Ec33e9b0a34c7cD185C616087D9842ad50,alive,,?,?,,,,
#451,ramzps,ramzps,,0x61F1E76b1306F4aF64fd6899467f33DB31653AFa,alive,,Y,Gold,,,,
#450,k_lobov,k_lobov,,0xE6Ef09cCC8dD098eb8B220fE61686425d6056633,alive,,?,?,,,,
#443,benmenontweet,benmenontweet,,0xF5E97826e971C0Da455234bc7148196971e40234,alive,,?,?,,,,
#436,x00py,x00py,@axbycz,0x33A0703142Bd410b5d8bC32Cd50Ee7017D9b034d,alive,@axbycz,Y,?,,,,
#435,0xBillW,0xBillW,,0x7136fbDdD4DFfa2369A9283B6E90A040318011Ca,alive,,?,?,,,,
#429,PYGendron,PYGendron,,0x38661B4DCE46eA80E7382F2d9e046993195614Da,alive,,?,?,,,,
#427,emilyxlai,emilyxlai,,0xD4c6325Bc524bE5F9cD4A934A4e163F41f061aEA,alive,,?,?,,,,
#424,weckleth,weckleth,,0xC58031F63ADDEA7Da384BAa260C734af01F21DBC,alive,,?,?,,,,
#413,aalimsahin,aalimsahin,,0x114B242D931B47D5cDcEe7AF065856f70ee278C4,alive,,Y,Pink,,,,
#407,dorculas,dorculas,,0x0055CD5F017027D10ADF4f13332181e6D8D886BB,alive,,?,Orange,,,,
#405,MovieTimeDev,MovieTimeDev,,0xB0d0df20Ae8c3AAD261d894Ed4c2a909B06D2448,alive,,?,?,,,,
#401,4thelaur,4thelaur,,0x85b942Cda67CcFA42dC38475a9332F01Acb471bF,alive,,?,?,,,,
#395,JackSpallone,JackSpallone,,0xEe8F047761228ceA75712241C7b8338Fa81eD5c5,alive,,?,?,,,,
#388,Naginnarb,Naginnarb,,0xFD9ce79FD7F62ca88acE958cD2716f4CCe25e2DF,alive,,?,?,,,,
#386,nkennethk,nkennethk,,0xB6269df79fD87a328fC595Dd52F20624B1e609af,alive,,?,?,,,,
#384,Lasttofall1775,Lasttofall1775,,0xf446d4eb88F6ec76061D98fe588A30B8AbB1dD57,alive,,?,?,,,,
#379,jozer_eth,jozer_eth,ramirez_jos,0x5Dde08a6eDDee1952D70357cB832000b5F7d185a,alive,ramirez_jos,Y,Green,,,,
#378,BrianInCrypto,BrianInCrypto,,0x5690fD4772f3348371166A7f3eCee5058E05f3ee,alive,,?,?,,,,
#373,0xNock,0xNock,,0x61b32f5630b7D14D47aC059429cFfcf8BeC40162,alive,,?,?,,,,
#367,jkey_eth,jkey_eth,,0x160372d2966C793Df52CEC2AE29F2a4A3F72974d,alive,,Y,Blue,,,,
#358,McDAOnaldz,McDAOnaldz,mcdaonaldz,0xfd8a2E1c018fA109Fcb151a645d416D1D364595b,alive,mcdaonaldz,?,Yellow,,,,
#352,poymeetsworld,poymeetsworld,,0xfa0492510923F082334eF85a5674c3299A936891,alive,,Y,?,,,,
#349,samfriedman6_,samfriedman6_,,0xf151677D601EACF579FF0D66123f3456cF1BD42a,alive,,?,?,,,,
#336,rachlololol,rachlololol,rachlololol,0xb1ab970C53943329CDBbed182b4E7549ECC5cACb,alive,rachlololol,?,?,,,,
#334,zjbrenner,zjbrenner,,0xbc6CBC95D86A6a9537375640FBC0cF0DB8024268,alive,,Y,Silver,,,,
#328,whoareyouu_eth,whoareyouu_eth,,0xA639Ba847ED56A8f7a461B83F10ea674Decd7B73,alive,,Y,?,,,,
#318,victoctero,victoctero,,0xbef65BF144bdEa1667A74F14aD552c751aD4C056,alive,,?,?,,,,
#315,stephburnzy,stephburnzy,,0x434825ecA7feabBBeabBD1E48063cB0eea2BB663,alive,,?,?,,,,
#312,sophiekornchip,sophiekornchip,,0xDF86b7f9D34a0b2315A6E8d4EDa3C8AFd76d6A83,alive,,?,?,,,,
#309,Nick_Prince12,Nick_Prince12,,0x838aD0EAE54F99F1926dA7C3b6bFbF617389B4D9,alive,,Y,Red,,,,
#307,christian_defi,christian_defi,,0x768bD28A351E1f4c51B67dD1EDf53b222357a2f1,alive,,?,?,,,,
#304,varunv_88,varunv_88,,0xd4b25EE7981D834a58E43f49c7eB15aF9498ae32,alive,,?,?,,,,
#302,,,,0x42Ee0B97A821952e47D9fC95Ad26E32575b34820,alive,,?,?,,,,
#300,bp__,bp__,,0x1341df844780b66AF4ccC98Ae0F34be87eABe1d5,alive,,?,?,,,,
#299,1MrPapi,1MrPapi,,0xAd311adF4CB8ab6628CdF77316F2134aF05C50c6,alive,,Y,?,,,,
#295,earemu,earemu,,0x1B151FE2757520B26fbF95DB19D20da9C37b7bCE,alive,,?,?,,,,
#294,,,,0x08cEb8Bba685ee708C9c4c65576837cbE19B9dea,alive,,?,?,,,,
#292,,,,0xFAEa523cDF00E9be0A82FA201fBB111330CC7c0C,alive,,?,?,,,,
#288,ferranrego,ferranrego,,0xf3B06b503652a5E075D423F97056DFde0C4b066F,alive,,?,?,,,,
#286,tomsegal,tomsegal,,0xe1dFd93006B6cCDf32A10320b288fB94d5041450,alive,,?,?,listed for sale,,,
#285,JamesJohnBeck,JamesJohnBeck,James Beck,0x742b97dC68bCC3475fEB734C2dF2C76f25664532,alive,James Beck,Y,Gold,,,,
#282,gremplin,gremplin,https://t.me/arthurgrem,0x4298e663517593284Ad4FE199b21815BD48a9969,alive,https://t.me/arthurgrem,Y,Purple,,,,
#280,Unbank_Yourself,Unbank_Yourself,,0x83AB5C1a4f689cF95f4Cc44562887Aa3c6cCbC1e,alive,,?,?,,,,
#278,_colfax,_colfax,,0xE97022E3e50Ac76D20f5138141d79f65aCf3bc82,alive,,?,?,,,,
#260,,,,0xC912E55e813753f91f96054EaCF4E342A6061f1A,alive,,?,?,,,,
#256,,,,0x79E087a1957fcCF93649d3732F9193F0fc8c5138,alive,,?,?,,,,
#252,0xMi11y,0xMi11y,,0x5F47E54006B79f179e20De7Cd7692136688B5e96,alive,,?,?,,,,
#251,web3qn,web3qn,,0x7Ef44601a732B761851aec60e914E98b2F2C2a73,alive,,Y,Red,,,,
#250,0xKaty,0xKaty,,0xe0C695803a7cAEaF66d71cb76EA40f815AE465f2,alive,,Y,?,,,,
#248,nico_valencia,nico_valencia,,0x99b9bB23D300Dda4A1dC9eb8d2333704b235c165,alive,,Y,?,,,,
#241,abishekinguout,abishekinguout,,0x197Ea63D275577321bf1049CA169420234F59415,alive,,Y,?,,,,
#239,Schlomo,Schlomo,Schlomogram,0x2488463E4c0269db94328F825F5E138d87f41d95,alive,Schlomogram,Y,Blue,,,,
#238,leylasarper,leylasarper,,0x100d394a50Dd89bf642f3063ddCE8F00410e5c0e,alive,,?,Pink,,,,
#235,geoist_,geoist_,,0xcCE9A28b570946123f392Cf1DbfA6D2D5e636a1f,alive,,?,?,,,,
#234,sopvictori,sopvictori,,0xddbe2e588e5c9398189871846542c1c75D89CAd4,alive,,?,?,,,,
#232,HAPPYS1NGH,HAPPYS1NGH,,0x5560650bF336dAfc2AaB23E6C2bCc78028877725,alive,,Y,?,,,,
#231,yekiM_o,yekiM_o,,0xF723d05F10E8503FEaBA5CFBb9A5513Eb8ECbfd6,alive,,?,?,,,,
#230,natashaghoskins,natashaghoskins,,0xA5d0ad68014026feeE78a1Fffd2A93797194750e,alive,,?,?,,,,
#228,JRRtokenNFT,JRRtokenNFT,@jrrtokenNFT,0xFb469965eC425D5B83Da58dd75A3A77AC06eafa1,alive,@jrrtokenNFT,Y,Gold,,,,
#227,akasteveyyy,akasteveyyy,,0x6db8E922741C8bc816B30E8c944C3002c3b6098C,alive,,?,?,,,,
#224,raihan_,raihan_,,0xb683A2056526162C4771d363204aF41ea8c1eC52,alive,,?,?,,,,
#223,CRYPT0forCHANGE,CRYPT0forCHANGE,,0xC4c717eC43819521136b024b0fAbc0dAC2a1cdD2,alive,,?,?,,,,
#221,annoushkaxyz,annoushkaxyz,,0x7e07064E5A921A57Eb29C22F179B20513e8a3485,alive,,?,?,,,,
#219,,,@jrinkeby,0xCC692D6E11268B40A1E3C58e3D86Fc4CAAb9b77a,alive,@jrinkeby,Y,Gold,,,,
#218,logonaut,logonaut,,0xB0CCf43adA6CBaA26dcf4907117b496d49f74242,alive,,?,?,,,,
#216,koloz193,koloz193,,0xD5A498Bbc6D21E4E1cdBB8fec58e3eCD7124FB43,alive,,?,?,,,,
#212,happen_mak58145,happen_mak58145,,0x9fb08748c3858Ca6a39357D6D70D1Eeb9586026E,alive,,?,?,,,,
#203,0xDesigner,0xDesigner,,0xAbb485fdC925dc375B5d095a30fcae7f136Fd007,alive,,?,?,,,,
#198,wlhunter25,wlhunter25,wlhunter00,0x69EC014c15baF1C96620B6BA02A391aBaBB9C96b,alive,wlhunter00,?,Gold,,,,
#195,adi_tak_,adi_tak_,,0xCf1d78DAF41D4FBDdC91dd8D00D2F5F88046A3A3,alive,,?,?,,,,
#194,patel0phone,patel0phone,,0xc7814D61A8236303a8854fc272cA0419A7e18E32,alive,,?,?,,,,
#192,SosujungETH,SosujungETH,,0x71B4aCE4E245506FFd7D7541012b16A2A56EaDFB,alive,,?,Orange,,,,
#191,rkfalcon,rkfalcon,rkfalcon,0xB96fB3Ef787F0c785c3AAe333aa1126B98D4F8Fe,alive,rkfalcon,Y,Green,,,,
#187,McOso_,McOso_,,0xd095E0f8C72E22319846b643c4bac0caC1f67006,alive,,?,?,,,,
#186,MantisClone,MantisClone,,0x1EC1CcEF3e1735bdA3F4BA698e8a524AA7c93274,alive,,?,?,,,,
#185,rayn_tellor,rayn_tellor,,0xB2D6AAF0bca136C252Ec94F0f06c2489F734675f,alive,,?,?,,,,
#182,ajt,ajt,ataub24,0xA494876207Ae80D8669Dd347Fe11Fadae31c48E7,alive,ataub24,?,Gold,I'm Y in the chat but can't edit it,,,
#181,skerskerrr,skerskerrr,,0x0DaeF89a7d468EF86FCb6DF8Cbe5D3E9ff4355F4,alive,,?,?,,,,
#177,KP2kpx,KP2kpx,,0x7320Cc8B0A97C385fcd44d3FBF604D9d01f46De9,alive,,?,?,,,,
#176,clujso,clujso,,0x3fFc477e96c98a22218497667eBf776489CAaD89,alive,,?,?,,,,
#172,baileyberro,baileyberro,,0xD270E1E9e4702FA4871eB4b96eB59a7B1C74C152,alive,,?,?,,,,
#169,0xrishikesh,0xrishikesh,,0xC05cF3C4575105C87c7A914C1043D926beC5dC04,alive,,?,?,,,,
#168,Julessw_,Julessw_,,0xC06C7C6ec618DE992d597D8e347669EA44eDe2bc,alive,,?,?,,,,
#167,pirilakay,pirilakay,Howdai,0x5E3367F1F6CD4f772439ca239568F16CB5FED858,alive,Howdai,Y,Green,,,,
#165,medeana,medeana,,0x302aE9D5BDD8f5125b1182cdd966Ff4eEd3E3aCF,alive,,?,?,,,,
#164,cherdougie,cherdougie,,0x82Fe8C393d063cB23631Dbc8216d4aDF941adC9e,alive,,?,?,,,,
#158,hey_kiwwi,hey_kiwwi,hey_kiwwi,0x4880d1cc7C72d3dB6774F219E47185cfd00dB40b,alive,hey_kiwwi,Y,Gold,,,,
#146,tzumby,tzumby,tzumby,0xb07508e0DE659b7D6dd550a1Cf1A796fec4FC9aA,alive,tzumby,?,Purple,,,,
#140,deeepgandhi,deeepgandhi,,0xc703Fc2d8869324Af29E35A8C76aF7eAdA3D8161,alive,,?,?,,,,
#139,RAnSacks,RAnSacks,,0x69D6075EacBbfD10504fCAE62CD2d86660b0553d,alive,,?,?,,,,
#137,TPan____,TPan____,,0x28d604a4205549Ea2510d03f2aDDc673DEd2187f,alive,,?,?,,,,
#127,AnnikaSays,AnnikaSays,annikalewis,0x894Aa5F1E45454677A8560ddE3B45Cb5C427Ef92,alive,annikalewis,Y,Aqua,,,,
#125,Chipagosfinest,Chipagosfinest,,0x049569adb8a1e8A9349E9F1111C7b7993A4612eB,alive,,?,?,,,,
#124,,,,0x2271fe6D76ab94352eF826d97445048Bd8C4d45F,alive,,?,?,,,,
#123,thisiszinger,thisiszinger,,0xAFcA747b067C40Ae0Dda3F170Ae971a2CBf4D05C,alive,,N,Red,,,,
#115,charley,charley,,0xB3C2a4ce7ce57A74371b7E3dAE8f3393229c2aaC,alive,,?,?,,,,
#114,jpfraneto,jpfraneto,jpfraneto,0xed21735DC192dC4eeAFd71b4Dc023bC53fE4DF15,alive,jpfraneto,Y,Green,,,,
#103,BRosenblatt4,BRosenblatt4,Brosenblatt4,0x0946F801605f1A5c352b3FdF4Ec0DDa012Dd6f10,alive,Brosenblatt4,?,?,,,,
#101,v3eth,v3eth,,0x07Fda67513EC0897866098a11dC3858089D4A505,alive,,?,?,,,,
#98,NoahNewfield,NoahNewfield,,0xB15D23C1380B60eCaDB569403338B89B99213EE6,alive,,?,?,,,,
#95,JordanLyall,JordanLyall,,0xcf88FA6eE6D111b04bE9b06ef6fAD6bD6691B88c,alive,,?,?,,,,
#90,cryptopeterb,cryptopeterb,,0x9E89da213D82ba38B246510Abc998358AD477dEB,alive,,?,?,,,,
#87,BenTerry,BenTerry,,0x47Bbf62C4326EFF3353022e7Dd1d9caA5bc97841,alive,,?,?,,,,
#85,0xMentalist,0xMentalist,,0x86596691C02a95bfE8a66E50fe808523A560250e,alive,,?,?,,,,
#83,HooCrypto,HooCrypto,,0xA081e1dA16133bB4Ebc7Aab1A9B0588A48D15138,alive,,?,?,,,,
#77,blockheim,blockheim,,0x260eb0ffCb01d9A117b57531997cD32f8B445aeB,alive,,?,?,,,,
#75,rileybeans_,rileybeans_,rileybeans,0x54A80e0417008dB88036F4Fb2C4646264717f7a6,alive,rileybeans,Y,Silver,,,,
#73,MatthewFoxAF,MatthewFoxAF,,0xA5D224B43EAB837aa2Ee9C6Ed727f1613f301A5E,alive,,Y,Orange,,,,
#71,alexisonchain,alexisonchain,,0xD9581C84690C42AD6477045567FC98379a6c3716,alive,,?,?,,,,
#69,itznataliegrace,itznataliegrace,,0xB3106D7943a049F0aC64167634B7c6E7dD13Ef53,alive,,?,?,,,,
#67,DianaChimes,DianaChimes,,0x5A3d34bc7DE29AC7a357e7cE34E34E96939dBD0d,alive,,?,?,,,,
#66,FamKien,FamKien,,0x5eeeFc7D872C03296639bcc49D11c99403d2F4A8,alive,,Y,?,,,,
#62,defi_beats,defi_beats,Defibeats,0xCF6fD41e978abbFD082Bd1Ddc54166153401e425,alive,Defibeats,Y,Green,,,,
#60,chinmaydoteth,chinmaydoteth,,0x75E5162644FCa0392CcE7Dc6Fe20F35e362Ca8bb,alive,,N,Green,,,,
#59,revelati,revelati,,0x1E0b16d340eD938A71467998e997e995110eD596,alive,,?,?,,,,
#58,kylepatrick_eth,kylepatrick_eth,,0x508dd44Ff3404e618D430D4562C3773B073a5Ccc,alive,,?,?,,,,
#53,pitoforall,pitoforall,,0x2c4291cFD783164971CA39DDEcd2def485cf499d,alive,,?,?,,,,
#52,0xSton,0xSton,,0xCb3830Dd0741329d4AaD1576F27aCe0FA828F8fb,alive,,?,?,,,,
#51,defiginger,defiginger,,0xFf9B563140952FB7E3E5552F1a5068b637f0DE0a,alive,,?,?,,,,
#46,ernestkou,ernestkou,,0x88353dE9e92c323676EbFCC42da643F01768f8AF,alive,,?,?,,,,
#45,funghibull,funghibull,,0x4f764a08c66251e13bdd85B4Bb0652B739736328,alive,,?,?,,,,
#43,smiddycents,smiddycents,,0x0d1CAA0CD489373291272224818868ca6c6efd11,alive,,?,?,,,,
#37,taydotfun,taydotfun,,0xFE35e15bE885750D9b2363cbB6aBDd57AC9C4c40,alive,,?,?,,,,
#28,nonfungiblebae_,nonfungiblebae_,,0xE1BFbE050D6446340718006Afb36F8bafDD7cABc,alive,,Y,Silver,,,,
#27,0xpayton,0xpayton,,0x0b81418147Df37155d643b5cb65bA6C8cB7abA76,alive,,?,?,,,,
#26,0xLuo,0xLuo,,0xEC8b6b6ee8dC5c6631747BDC6b1400Aff08829fD,alive,,?,?,,,,
#24,charizardeeth,charizardeeth,,0x0ca85b489A1276eF7042F1d032D0eF3831EaF4ca,alive,,?,?,,,,
#14,lapgandhi,lapgandhi,,0x9b3e886a7c03d001146e0a31212bf1b9FCd30983,alive,,?,?,,,,
#13,Afrectz,Afrectz,,0x195dDE481D76440cf6Eb0a6f861413b0664f108B,alive,,?,?,,,,
#4,,,,0xD651F16994E4C2f7e01f0B9895fCC1CCbe87641D,alive,,Y,?,,,,
#713,,,,0x2237CbDFf296f91AdCbd60574748cBa42187c482,eliminated on day 7,,?,?,,,,
#711,,,,0x82365Db83317E62a85E0F908042B69363B4c281e,eliminated on day 7,,?,?,,,,
#680,josef_le_nin,josef_le_nin,,0x54d46a845cbF0E6efDb278085a8a4F2bF50784B9,eliminated on day 7,,?,?,,,,
#676,pythonhulk,pythonhulk,,0x7205C634FD4f68B6914dF94c2e5b350Da134fF09,eliminated on day 7,,?,?,,,,
#675,doctorgm_01123,doctorgm_01123,,0xBF0fdEae4CC1318AC973a77E8C665983172F37cC,eliminated on day 7,,?,?,,,,
#663,0Dgdgdrgdg35331,0Dgdgdrgdg35331,,0x399519700967cbCc82F6dBe6BC5246B84b9f424b,eliminated on day 7,,?,?,,,,
#660,rafaelmedian,rafaelmedian,,0x2B1A2bd9c2B1E1E9c7eE86948af2247B0F98A10b,eliminated on day 7,,?,?,,,,
#657,,,,0x0aa44460CdbAC93F463C72804E1543FA8a41914A,eliminated on day 7,,?,?,,,,
#655,brianschardt,brianschardt,,0x8F9A99eEfe3A4Ba77dD3A4367a541fa5b526C42c,eliminated on day 7,,?,?,,,,
#650,internetalyssa,internetalyssa,,0x29b470EBaDD35162d1ade0cDF2c29375793fDF77,eliminated on day 7,,?,?,,,,
#649,antismart_,antismart_,,0x97E7e52Fd2acbcd252f0ee8fbDbcdDcb4d0c7B62,eliminated on day 7,,?,?,,,,
#643,0xmetaclass,0xmetaclass,,0xfDF3243db419D83327E5986f4a32CabaC42dBF11,eliminated on day 7,,?,?,,,,
#642,crypto_han,crypto_han,,0x11099aC9Cc097d0C9759635b8e16c6a91ECC43dA,eliminated on day 7,,?,?,,,,
#637,Kaffchad,Kaffchad,,0xAc5C69aC9c987503dAcE3f6bF1e365968397134f,eliminated on day 7,,?,?,,,,
#629,eth_call,eth_call,,0x075b108fC0a6426F9dEC9A5c18E87eB577D1346a,eliminated on day 7,,?,?,,,,
#626,lukaschmiell,lukaschmiell,,0xae0768E5Ee2d5F140802f998C7293E2fF00297B2,eliminated on day 7,,?,?,,,,
#623,imtalljonathan,imtalljonathan,,0xC88563855A54b4A735137Cc7d6926B28fA778C0e,eliminated on day 7,,?,?,,,,
#622,prasincs,prasincs,,0xABF887150Ae61Aa4b30f5759741951B64b96E6ba,eliminated on day 7,,?,?,,,,
#621,Esk3nder,Esk3nder,,0x2FbE784B684C8EED24Fb1115Dd046de513162E94,eliminated on day 7,,?,?,,,,
#620,MissPurrple_,MissPurrple_,,0x310E4857Ac9a00705e71c8d4700625d05951FFE2,eliminated on day 7,,?,?,,,,
#619,,,,0x59140F80e6146D3E23A3F44C3C47C9164E4B4A98,eliminated on day 7,,?,?,,,,
#618,0xHerSilence,0xHerSilence,,0x38D261561Db340087bE6Ce4448EA0943671126a0,eliminated on day 7,,?,?,,,,
#614,ryngrass,ryngrass,,0x25822E283E7461bd088B1C2225ffB126E37F4d9e,eliminated on day 7,,?,?,,,,
#608,AdamElfarouq,AdamElfarouq,,0x78450a857347a10595aB92214a67d2ac3AeC562F,eliminated on day 7,,?,?,,,,
#601,SwethaPD,SwethaPD,,0xE723A7f57934DA9692c87e4638dfe87515Dc6F30,eliminated on day 7,,?,?,,,,
#586,Jessy_Jeanne,Jessy_Jeanne,,0x3D5e9077ef8F9C6B0e10D6c62C1A022a49675Cc3,eliminated on day 7,,?,?,,,,
#580,Jun1on,Jun1on,,0x03851F30cC29d86EE87a492f037B16642838a357,eliminated on day 7,,?,?,,,,
#579,0xHaole,0xHaole,,0xE7B7cBD142226994B2DCAa2C8f150Fde1e954C42,eliminated on day 7,,?,?,,,,
#577,0xPEPO,0xPEPO,,0x786A4Eb282a6332871e4BaD890cE5960f1d12813,eliminated on day 7,,?,?,,,,
#563,jreinberg13,jreinberg13,,0x1A88E6DD7468De9D6a5031158F8D7ff3e55Fcd32,eliminated on day 7,,?,?,,,,
#556,rokav_,rokav_,,0x956a8eC13A74a9b659CDb2a6d25b4804a1e75bCa,eliminated on day 7,,?,?,,,,
#555,Po_Mary_,Po_Mary_,,0xAE86BD42EDBe039b65a7a2FC6813aA8840e67c27,eliminated on day 7,,?,?,,,,
#553,divine_economy,divine_economy,,0xd56e3E325133EFEd6B1687C88571b8a91e517ab0,eliminated on day 7,,?,?,,,,
#552,buntyverse,buntyverse,,0x73E3875C19aA23ac3f4F8F3d1299AaCF2493E2d8,eliminated on day 7,,?,?,,,,
#540,LightPfd,LightPfd,,0xF2e20d81ED56d9D9211A42B42b367718d83653e1,eliminated on day 7,,?,?,,,,
#538,startupoppa,startupoppa,,0xe978bDBC3347feB6ED10c9845BBDc298604F80ca,eliminated on day 7,,?,?,,,,
#533,yes2crypto1,yes2crypto1,,0x4bF88042De0220647ACb314AF3c5F310AEc3bCc0,eliminated on day 7,,?,?,,,,
#531,,,,0xb432cA713b50c72049493EdfDE314AbeFD23BeD9,eliminated on day 7,,?,?,,,,
#517,ribletcombo,ribletcombo,,0xc1402806A2C8dEE064cC4ee2732f19889e08c88C,eliminated on day 7,,?,?,,,,
#515,,,,0xae8dBA66c060EFaf15413894E1c87b8dE2417d8c,eliminated on day 7,,?,?,,,,
#511,mbransn,mbransn,,0x91b52e9833dc4C681b5419F3E96093e85BBE8F91,eliminated on day 7,,?,?,,,,
#509,agray1205,agray1205,,0xf39e83D0B5079696C2Beb22410616F8C61AF9d19,eliminated on day 7,,?,?,,,,
#508,MaxwellMelcher,MaxwellMelcher,,0x60C63D3F8F6abD0b17c7ad6F32F8245eD3492Dd7,eliminated on day 7,,?,?,,,,
#506,cass_on_mars,cass_on_mars,,0xCe4Eb76664210426e900C20D4A3741A6b0f64855,eliminated on day 7,,?,?,,,,
#503,JasonHartgrave,JasonHartgrave,,0x9345a54906191505c6Efd5FDd6A3F02D994C44Aa,eliminated on day 7,,?,?,,,,
#497,BlkBoxEconomist,BlkBoxEconomist,,0x6888FF4bE3262F3232e1c022De731680a16dDdA7,eliminated on day 7,,?,?,,,,
#494,barravalape14,barravalape14,,0xA1D334F85D973007e008f07A779a7855f1531DFB,eliminated on day 7,,?,?,,,,
#482,nielsderuiterx,nielsderuiterx,,0x2ad0f454bab66d468CB3218Da8481a00580FB472,eliminated on day 7,,?,?,,,,
#469,eek637,eek637,,0x3571D58d9bDcc918772B7f6c41b05dEa1A5E2175,eliminated on day 7,,?,?,,,,
#465,,,,0xbaa50B649494f1b947b75ca80D9cc108313EbE33,eliminated on day 7,,?,?,,,,
#463,mirandamartell,mirandamartell,,0xC7F56e216440a2A2Ae94dd9ad0e874868C5B32A4,eliminated on day 7,,?,?,,,,
#440,christopherwxyz,christopherwxyz,,0x115D9c80E62994DDfeEa7e1E06dDd20eAD9b7301,eliminated on day 7,,?,?,,,,
#439,AskWhy5Times,AskWhy5Times,,0x380604e85E772f51014636Aa72B107F163609DdE,eliminated on day 7,,?,?,,,,
#432,chrislarsc,chrislarsc,,0x6E6996997bA6DA60dD3320b010c122577cD5fe28,eliminated on day 7,,?,?,,,,
#431,chillypower,chillypower,,0x4131826eaFDCb7dcd855Fae9098EC693165F157d,eliminated on day 7,,?,?,,,,
#423,,,,0xeA99820C3fcdcf7De06c598ccD3EC9fED83eB1c4,eliminated on day 7,,?,?,,,,
#418,next_roy,next_roy,,0x7f64C6e6908DE72221A06A06b4a02A6546a4d6d2,eliminated on day 7,,?,?,,,,
#409,agirlonchain,agirlonchain,,0x8Cf84e6069fA1bdFb6db0be667E762de2984C817,eliminated on day 7,,?,?,,,,
#398,lovishotherdays,lovishotherdays,,0x9e9F20fC1ed1ddf645bbb239a625A49936E9bC16,eliminated on day 7,,?,?,,,,
#382,aIixkun,aIixkun,,0x18190f18098FA97f36e398A26be613cb2C1c2eb0,eliminated on day 7,,?,?,,,,
#376,tamrrat,tamrrat,,0x8F96aA1C4cbd3b10786c81031c6917bcaC66423c,eliminated on day 7,,?,?,,,,
#375,0xbilly,0xbilly,,0x88D0aF73508452c1a453356b3Fac26525aEc23A2,eliminated on day 7,,?,?,,,,
#369,Kapuster,Kapuster,,0x24F5121A0178bBb02FCf5a7C57F99E826Bc39EaA,eliminated on day 7,,?,?,,,,
#366,0xTAY_,0xTAY_,,0xe241bedb5a6270C5a96219a52f59c7c3690ae924,eliminated on day 7,,?,?,,,,
#365,tung_famm,tung_famm,,0x276EF882f5d318c7cfDfA0E0a2bffd5Ef865294b,eliminated on day 7,,?,?,,,,
#350,CobyGoldstein,CobyGoldstein,,0xC1c902f43915C02E6dD94391F2EdE31642a83c17,eliminated on day 7,,?,?,,,,
#339,binji_x,binji_x,,0x00063dDB30be7Bc2292583D5f143E9d6E6228440,eliminated on day 7,,?,?,,,,
#333,solanannek,solanannek,,0x626C0c0cc2BFc32F2d385BA22fFaA7d4A7723d70,eliminated on day 7,,?,?,,,,
#325,0xKamilZ,0xKamilZ,,0x3DFc4617dd8D7f55Eb7933ef1578cC353A42b958,eliminated on day 7,,?,?,,,,
#320,piercesword,piercesword,,0xDAfa9e3dAe493F0B9D6872EFf4fda0f40D1b7488,eliminated on day 7,,?,?,,,,
#306,andrewjiang,andrewjiang,,0x760e7B42c920c2a0FeB58DDD610c14A6Bdd2Ebea,eliminated on day 7,,?,?,,,,
#298,bleuonbase,bleuonbase,,0xE9DaDd9deD105D67e6CB7aaDC48bE0c2d45df652,eliminated on day 7,,?,?,,,,
#297,dgerner6,dgerner6,,0xD6f97De4B87c4af13ef51Be093170fEda6bf9155,eliminated on day 7,,?,?,,,,
#296,sejaljjj,sejaljjj,,0x605c93dAB353a52Dc33Edeb813cE122afCa90413,eliminated on day 7,,?,?,,,,
#279,trdf53,trdf53,,0x69459BA40bB3B8cFf9b0a1daa54ba5571c4dCeF1,eliminated on day 7,,?,?,,,,
#274,vijaymichalik,vijaymichalik,,0x1dDc50A8b8ef07c654B4ace65070B0E7acfF622B,eliminated on day 7,,?,?,,,,
#271,jillrgunter,jillrgunter,,0xD0C231A8DEC99bA56fC2F58C0785557FDAf4059E,eliminated on day 7,,?,?,,,,
#267,mybellalogica,mybellalogica,,0x751077DfD4942aA28985bAA850f4C648d241C863,eliminated on day 7,,?,?,,,,
#266,i0xmark,i0xmark,,0xB5307d841ABB0CB646B9CCf0c39fEe79c0E80A9d,eliminated on day 7,,?,?,,,,
#265,Jachian22,Jachian22,,0x9B327cd5c79b58bD64388a742aDc9489DC7F2DBB,eliminated on day 7,,?,?,,,,
#263,NicitaAlex,NicitaAlex,,0x86985eAad8Ba93120716F02b67fF68FdD3BC280a,eliminated on day 7,,?,?,,,,
#258,,,,0x59AF95490C87E0617664C93583AC0a212c98Bd48,eliminated on day 7,,?,?,,,,
#244,malcolmonchain,malcolmonchain,,0xB1db41Aa2484E3f5f5a510e07003C29Fd1b0F115,eliminated on day 7,,?,?,,,,
#242,brennenschlu,brennenschlu,,0xCca768585e1fa2871Ddfb789fFA95C6288162FC7,eliminated on day 7,,?,?,,,,
#240,0xthe_beginning,0xthe_beginning,,0x99Fa48ccEa8a38CDE6B437450fF9bBdDAFAA4Fc8,eliminated on day 7,,?,?,,,,
#222,drewcoffman,drewcoffman,,0xc7A0D765C3aF6E2710bA05A56c5E2cA190C2E11e,eliminated on day 7,,?,?,,,,
#211,hellno_0,hellno_0,,0x6d9fFaede2c6CD9bb48becE230ad589e0E0D981c,eliminated on day 7,,?,?,,,,
#209,HughMungusFinch,HughMungusFinch,,0x2f059371297852181bB3565f0D07378359F76690,eliminated on day 7,,?,?,,,,
#208,nicky_sap,nicky_sap,,0xB159f3453DA87EFc0582eF3E6Dae8F03482Ec85F,eliminated on day 7,,?,?,,,,
#205,paulcowgill,paulcowgill,,0x662127bF82B794A26B7DDB6B495F6A5A20b81738,eliminated on day 7,,?,?,,,,
#202,BasedShiiiison,BasedShiiiison,,0x1db2F40042d20E485032a652672F334fFE404e61,eliminated on day 7,,?,?,,,,
#199,,,,0x26e415E7fF2E882156DA6F969B82913418DF5A76,eliminated on day 7,,?,?,,,,
#189,2irl4u,2irl4u,,0x6653fadDA05df8108e82d6694fa368172549BCbc,eliminated on day 7,,?,?,,,,
#188,subversieve,subversieve,,0x8143AaD694567424162A949c1580c91D03437858,eliminated on day 7,,?,?,,,,
#183,ChrispereiraEth,ChrispereiraEth,,0x92BAc7749944F28d8406A8Ed99133f3D3e6977f8,eliminated on day 7,,?,?,,,,
#170,humpty0x,humpty0x,,0xD94bC760c7a93C7aA2C18Dae0c7c6A59aDD9E6D9,eliminated on day 7,,?,?,,,,
#161,xxtarhxx,xxtarhxx,,0x9f4e281202d019A8Ab8A444713C9571A62474Da4,eliminated on day 7,,?,?,,,,
#159,hildobby_,hildobby_,,0x09a5943a6d10919571eE2C9F63380aEA747ECA97,eliminated on day 7,,?,?,,,,
#155,katiewav,katiewav,,0x28B4DE9c45AF6cb1A5a46c19909108f2BB74a2BE,eliminated on day 7,,?,?,,,,
#153,traf,traf,,0x881475210E75b814D5b711090a064942b6f30605,eliminated on day 7,,?,?,,,,
#152,medhakothari,medhakothari,,0xD0f7fBf89106aB6Eda8b3CbcA65C085fcCb87209,eliminated on day 7,,?,?,,,,
#144,0xEngawa,0xEngawa,,0x59dF5Bd42d6B03F57574eF18732b2F9A8dfBcbB6,eliminated on day 7,,?,?,,,,
#142,tomhschmidt,tomhschmidt,,0x1668c9725e27Bf5943bBD43886E1Fb5AFe75c46C,eliminated on day 7,,?,?,,,,
#138,darryl__yeo,darryl__yeo,,0xDA22919e01E249Ba4c96DbA46beE29E4981835FC,eliminated on day 7,,?,?,,,,
#136,0xJoshuaSL,0xJoshuaSL,,0x1dF428833f2C9FB1eF098754e5D710432450d706,eliminated on day 7,,?,?,,,,
#134,,,,0x70eCe45cDc64A768f936Ccb8aC851578251363e3,eliminated on day 7,,?,?,,,,
#131,gmEthereum,gmEthereum,,0x1425C88ce0780E5bcE5f405333C81f9336dC52eA,eliminated on day 7,,?,?,,,,
#116,kugusha,kugusha,,0x8379bD16381620914d8fA3d535F6Ca9eF23ece53,eliminated on day 7,,?,?,,,,
#112,,,,0x538527f3602acaD78596F17B422Fcf5613Af1409,eliminated on day 7,,?,?,,,,
#111,limes_eth,limes_eth,,0xA7860E99e3ce0752D1ac53b974E309fFf80277C6,eliminated on day 7,,?,?,,,,
#109,Shreylife11,Shreylife11,,0x2a995ae9ea30bc81921e9d79120143702B271215,eliminated on day 7,,?,?,,,,
#99,Fundamenta85707,Fundamenta85707,,0xD132A0b989AA85b913cabd30583663289b9e29A5,eliminated on day 7,,?,?,,,,
#93,m00npapi,m00npapi,,0x38B2bAC6431604dFfEc17a1E6Adc649a9Ea0eFba,eliminated on day 7,,?,?,,,,
#86,ItsTayyab,ItsTayyab,,0x794ceC5ee2659859050D29d858CF46191649E1fa,eliminated on day 7,,?,?,,,,
#84,mediaquery,mediaquery,,0xFd37f4625CA5816157D55a5b3F7Dd8DD5F8a0C2F,eliminated on day 7,,?,?,,,,
#82,nastyarods,nastyarods,,0x6C994eEF6fdbeE8BCFF9016B7CE3A53b489Ad155,eliminated on day 7,,?,?,,,,
#70,_Synthquest,_Synthquest,,0xd54F27A4A8967A97AF70ad8e4E0B256E685fc467,eliminated on day 7,,?,?,,,,
#64,0xRickyW,0xRickyW,,0x8AAAa9c3a06a4A9FE7C5cCe17d8B5db1E225Eadf,eliminated on day 7,,?,?,,,,
#61,JosephBender,JosephBender,,0xdf9B0d723776972C5cAe27FDb4F3Ea827A5Cf283,eliminated on day 7,,?,?,,,,
#57,theekrystallee,theekrystallee,,0xB175B8aF168433Fb9b76224A295D68d68F94107C,eliminated on day 7,,?,?,,,,
#56,RahulDesignWeb3,RahulDesignWeb3,,0x567432D65B1Ab2f3Bf118d9Ab02A7b63beD31dB9,eliminated on day 7,,?,?,,,,
#50,DimmadomeCrypto,DimmadomeCrypto,,0xE6c95CF4a1AE50BB83c103D0f49Ad80D11b04912,eliminated on day 7,,?,?,,,,
#41,NFTMINGLE,NFTMINGLE,,0x5E4D52aD44d80A1871BACD02405cbCcfC611A24A,eliminated on day 7,,?,?,,,,
#40,winnielaux_,winnielaux_,,0x3BD4c721C1b547Ea42F728B5a19eB6233803963E,eliminated on day 7,,?,?,,,,
#35,AtownBrown,AtownBrown,,0xe3672Ddd7Cf52Ba8D5F4413E7BB5bbb5e7dc0EFD,eliminated on day 7,,?,?,,,,
#23,AndrewMohawk,AndrewMohawk,,0x62F8FA6F79e296AD399332649D2b8E61b28bB76C,eliminated on day 7,,?,?,,,,
#10,StellarMadic,StellarMadic,,0xCdb6Fa37ec70F0E62c842dE9297D566381c649C5,eliminated on day 7,,?,?,,,,
#9,vlad98p,vlad98p,,0xEf1c68fb74782a63ca676e39887925Bf38736eD6,eliminated on day 7,,?,?,,,,
#8,inkloud_er,inkloud_er,,0xD9eeD39ffcF0274c0b44E3f50586b208b9E8b50b,eliminated on day 7,,?,?,,,,
#715,chaituvr_s,chaituvr_s,,0x24F15402C6Bb870554489b2fd2049A85d75B982f,eliminated on day 5,,?,?,,,,
#714,,,,0xc578FFa2AeE0F779252e6c8db35f275a0Ab95227,eliminated on day 5,,?,?,,,,
#698,,,,0xE06c2b1289F8D543435c0C4017EE8bfcFC22e41d,eliminated on day 5,,?,?,,,,
#696,BakievVacheslav,BakievVacheslav,,0x48131B44252B05eE53730E8eE8AEDBed6d0F3B62,eliminated on day 5,,?,?,,,,
#694,,,,0x86a05E00E23990D60689F0eaFC6C1DD023945167,eliminated on day 5,,?,?,,,,
#693,Mixstoneres,Mixstoneres,,0xC7AF63E3D53644e18e008B3e8cb430c92A654194,eliminated on day 5,,?,?,,,,
#691,nurizzuddin95,nurizzuddin95,,0x21faB9d7a380e2e2bA09A72948c7E64985a3aEe1,eliminated on day 5,,?,?,,,,
#690,formanite420,formanite420,,0x905bC780Dd5A1E4809A8bC0A877C92772624D8B8,eliminated on day 5,,?,?,,,,
#687,zezoahmoda,zezoahmoda,,0x26eef8B2489D493817cA856D8a55ea4ba767189a,eliminated on day 5,,?,?,,,,
#684,_callil,_callil,,0x4defA30195094963cFAc7285d8d6E6E523c7f90D,eliminated on day 5,,?,?,,,,
#679,lolmaneth,lolmaneth,,0x1161013CD696FA17aF40F8a515782271DAC26182,eliminated on day 5,,?,?,,,,
#673,Iddygao,Iddygao,,0x69189F10cBd567D864915c18DFeA6cfd86C93600,eliminated on day 5,,?,?,,,,
#672,kmlyrr6543,kmlyrr6543,,0xb027618159A5949Af9b77B7f03118c2E65aC2f3D,eliminated on day 5,,?,?,,,,
#671,rezjamaulana,rezjamaulana,,0xF54aB1c138Bc0d7BBff56e6743C1b31fEDC2Fd86,eliminated on day 5,,?,?,,,,
#669,Fitriyanharefah,Fitriyanharefah,,0xaf2345937866057D0B0D4D01df9751a94F853688,eliminated on day 5,,?,?,,,,
#667,jmacwhyte,jmacwhyte,,0x7c80435964Bde8071e1D3Df76Da870C2F03b44F2,eliminated on day 5,,?,?,,,,
#656,iambixbite,iambixbite,,0x073f0DC58e9989C827bA5b7b35570B7315652e63,eliminated on day 5,,?,?,,,,
#654,alwaysdoteth,alwaysdoteth,,0x3eC44A823E07555B5f889d8d954eec736eb5865b,eliminated on day 5,,?,?,,,,
#646,0xthegipper,0xthegipper,,0x103aA2ECd1Ec2cCA1F957F6356930BB219dD0691,eliminated on day 5,,?,?,,,,
#644,,,,0x56d272dbBD4D95148fe18F4908253435Ff813829,eliminated on day 5,,?,?,,,,
#633,Lansherrf,Lansherrf,,0x896002E29FE4CDa28A3ae139b0bf7bAc26B33a8C,eliminated on day 5,,?,?,,,,
#617,enricripto0,enricripto0,,0xc1E7CA17274C36a3358460F93ce30200916688b6,eliminated on day 5,,?,?,,,,
#612,devodoodie,devodoodie,,0xbf67e713ddEf50496c6F27C41Eaeecee3A9FA063,eliminated on day 5,,?,?,,,,
#610,,,,0x86B32651FbBA7Dc23B1dc23bC72394f16B9f3B88,eliminated on day 5,,?,?,,,,
#609,delfiusxbt,delfiusxbt,,0xE0d432E1E450F312182924DbF2eF72B7738E6813,eliminated on day 5,,?,?,,,,
#604,,,,0x980F925d1644489305068Fe95255b4BCA3af6927,eliminated on day 5,,?,?,,,,
#598,jdp273,jdp273,,0xDB7650EB8fB13B1E3bB7F4F35662f064f9a49F31,eliminated on day 5,,?,?,,,,
#590,,,,0xCCAfcd67B434dF26fe2546fA822e1841AdE04534,eliminated on day 5,,?,?,,,,
#588,0xLamps,0xLamps,,0xCACa41c458f48D4d7c710F2E62AEe931E149A37d,eliminated on day 5,,?,?,,,,
#583,zepetoboi,zepetoboi,,0x097AAf3d132424BB4362B2c6f3E376864c5a9D47,eliminated on day 5,,?,?,,,,
#582,TiagoTito8,TiagoTito8,,0x165E4e022bc79aFD1CF5464b85016d41cba53201,eliminated on day 5,,?,?,,,,
#566,aavecado1,aavecado1,,0xb2000890759DdbeBA462b51Bd0ca63d52B0f7665,eliminated on day 5,,?,?,,,,
#558,backmeupplz,backmeupplz,,0xbf74483DB914192bb0a9577f3d8Fb29a6d4c08eE,eliminated on day 5,,?,?,,,,
#550,,,,0xB9C70Eb2aD91DFc3C4D392769b01D7CA90768212,eliminated on day 5,,?,?,,,,
#537,matthewchaim,matthewchaim,,0x5090c4Fead5Be112b643BC75d61bF42339675448,eliminated on day 5,,?,?,,,,
#521,kassandraETH,kassandraETH,,0x1d60C34f508BbBd7f1cb50b375c4CdD25e718D1c,eliminated on day 5,,?,?,,,,
#519,META_DREAMER,META_DREAMER,,0x8F942ECED007bD3976927B7958B50Df126FEeCb5,eliminated on day 5,,?,?,,,,
#518,gayatri_gt,gayatri_gt,,0x117e7Ae891173fe771f80f26F981a9B428BF821D,eliminated on day 5,,?,?,,,,
#507,poolnoodle93,poolnoodle93,,0x2795Aa71DcD63406E8655C3cf96Ee14Ba2123896,eliminated on day 5,,?,?,,,,
#505,haydenzadams,haydenzadams,,0x11E4857Bb9993a50c685A79AFad4E6F65D518DDa,eliminated on day 5,,?,?,,,,
#502,0xr0b_eth,0xr0b_eth,,0xd11BAA5966e266396e9Ed723C96B613B9C39620c,eliminated on day 5,,?,?,,,,
#501,mannyornothing,mannyornothing,,0xCf7cdBBbf4be10b5f716b297B53d369626a8AA57,eliminated on day 5,,?,?,,,,
#488,,,,0x88d9b709dDd27Dd1dD1C761352e52a1c96Bc78e7,eliminated on day 5,,?,?,,,,
#470,Rahatcodes,Rahatcodes,,0x895cAb25e9E5A5a026C201c988cDfCC6c9b0D3dB,eliminated on day 5,,?,?,,,,
#467,wemire8462,wemire8462,,0xD57888D473F73e0970Ea7B417C5DC9c0933d9a33,eliminated on day 5,,?,?,,,,
#464,naraxnaro,naraxnaro,,0xA4656286025c32D70106305EaC55A4516DD696Ef,eliminated on day 5,,?,?,,,,
#462,raptographer,raptographer,,0x3226607EB94f523461fB6F2086A3EeA45d6e95B2,eliminated on day 5,,?,?,,,,
#452,0x_Lucas,0x_Lucas,,0x3839AcF1ee7699D1F46b1BE840D8aD8317FDf757,eliminated on day 5,,?,?,,,,
#448,njokuScript,njokuScript,,0x8dB6A7836ed47CeD0Ee15C8727EdABA5dd7baEA8,eliminated on day 5,,?,?,,,,
#446,snack_man,snack_man,,0x9AE8912ea6562957043c8d048641Aa9B450c397f,eliminated on day 5,,?,?,,,,
#445,darylX24,darylX24,,0x5D1e8B6722FC4229De9ac0Fd111eA4C44a5A64B9,eliminated on day 5,,?,?,,,,
#434,FHEtch_io,FHEtch_io,,0xE4365Baf52D89D2dD82c44Ce37bEF62Cf0Af65b8,eliminated on day 5,,?,?,,,,
#430,msenyil,msenyil,,0x147F7Be19fCb54F013c01B20EfA3DdCa09341641,eliminated on day 5,,?,?,,,,
#426,0xasuma,0xasuma,,0x572A0a5F79469046a21f45eC7Febb0a6309Ea0DD,eliminated on day 5,,?,?,,,,
#421,sqrdao_intern,sqrdao_intern,,0x49437F9e3B59a1c7d3B6D66b7caF01d7Af52D02C,eliminated on day 5,,?,?,,,,
#416,pe4enable,pe4enable,,0x9b559d0808690Df5541Cf30aFD357C0C5C420a92,eliminated on day 5,,?,?,,,,
#410,lagunacarta,lagunacarta,,0x88eb6A92e7b736a96eA0922f37Cc8bC8076077A4,eliminated on day 5,,?,?,,,,
#408,0xDannyHype,0xDannyHype,,0x7a378749AF597e3aEC05941D9C781b1Cbdd16F3A,eliminated on day 5,,?,?,,,,
#402,zkyuki_Ditto,zkyuki_Ditto,,0x7fd9626768D02F61da6754EC7B0382FeA8110781,eliminated on day 5,,?,?,,,,
#399,hilmarxo,hilmarxo,,0xd75C4B007979A962dB88307198c527a17C5c2b1B,eliminated on day 5,,?,?,,,,
#393,0xPotatoofdoom,0xPotatoofdoom,,0x91AcD371883Ea2714AC372E46539e5e3499299B5,eliminated on day 5,,?,?,,,,
#392,Weeb_Mcgee,Weeb_Mcgee,,0x99eb33756a2eAa32f5964A747722c4b59e6aF351,eliminated on day 5,,?,?,,,,
#385,Avinashnayak27,Avinashnayak27,,0xf7d4041e751E0b4f6eA72Eb82F2b200D278704A4,eliminated on day 5,,?,?,,,,
#383,RafalZgoda,RafalZgoda,,0x31304cCDd28E62eF552824db08a350D752068c39,eliminated on day 5,,?,?,,,,
#381,dragonstruth,dragonstruth,,0x9cF2f7bDf0224A11ccc2588A4bA0083D61404811,eliminated on day 5,,?,?,,,,
#372,Akston_narnian,Akston_narnian,,0xa84237C1D884Bc4A5e72a7Cc9737C444B33Cf070,eliminated on day 5,,?,?,,,,
#371,j0xseph,j0xseph,,0x7aEE44d7fBB56341BA4B95e624f5eC232f510785,eliminated on day 5,,?,?,,,,
#370,maxmaximalism,maxmaximalism,,0x2C87f119163951F0d3346A05f7820fcbda2884D4,eliminated on day 5,,?,?,,,,
#361,blonding_curve,blonding_curve,,0xd44610a0CEb4f1C6B071356DDa2525351E76bD52,eliminated on day 5,,?,?,,,,
#353,,,,0xC1d51f0594cf70620ad19DaeCc01FBB2D40fd0Ec,eliminated on day 5,,?,?,,,,
#351,TheEylon,TheEylon,,0xbAAEa72417f4dC3E0f52a1783B0913d0f3516634,eliminated on day 5,,?,?,,,,
#348,anon_julia365,anon_julia365,,0x5bC5d527587D15195e87DD53168596Eca3ee651D,eliminated on day 5,,?,?,,,,
#343,,,,0xDABc594e331F3cC74D97dA9C2ad3cAB557bC3FbB,eliminated on day 5,,?,?,,,,
#342,chrisdotn,chrisdotn,,0x7156156e73835176d37922b071c80d6cC722A943,eliminated on day 5,,?,?,,,,
#341,somaxbt,somaxbt,,0xB2dF3Bf2FfE652bDc71b10C49559867521603f93,eliminated on day 5,,?,?,,,,
#340,Suman1226,Suman1226,,0xD105Fe3D0602C91142749e1b4A3124Ab4d1D5436,eliminated on day 5,,?,?,,,,
#330,skominers,skominers,,0x34202f199ef058302DcceD326a0105fe2Db53E12,eliminated on day 5,,?,?,,,,
#329,guzibiji,guzibiji,,0x3DeF0038D0493b2Ba32B45193e99673c901cc3BF,eliminated on day 5,,?,?,,,,
#319,,,,0x44f9009B7810f15f1FCB22C7f4a5cD18aA9A6fAA,eliminated on day 5,,?,?,,,,
#317,social_tweeter_,social_tweeter_,,0x581214341Be8555cAC639230e7e4A7F16Ea9033F,eliminated on day 5,,?,?,,,,
#308,0xavinash,0xavinash,,0x52490D6e5Ea2e751cD27d30E35430D4aB1c25FB2,eliminated on day 5,,?,?,,,,
#293,DanIsNearby,DanIsNearby,,0xCfedD5b3aae8a2C0eB6cD94d547d971092C95029,eliminated on day 5,,?,?,,,,
#272,ProdigyNelson,ProdigyNelson,,0x969795b513895365160Bc18F0861760adD9dc3ee,eliminated on day 5,,?,?,,,,
#261,izgnzlz,izgnzlz,,0x34FB2101dafCDB8239e5069b64605Ab6cB3493cB,eliminated on day 5,,?,?,,,,
#259,melin3eth,melin3eth,,0x6Ac5755992F781674853E49c6846bEbB89AfCBC7,eliminated on day 5,,?,?,,,,
#257,Bfaviero,Bfaviero,,0x33c67e933866025d22E011064d6Bf4889828c3a3,eliminated on day 5,,?,?,,,,
#247,AlokVasudev,AlokVasudev,,0xb618a21F95AA6c9C4281dB442857F50D2c5D44f7,eliminated on day 5,,?,?,,,,
#225,BradleyFre98757,BradleyFre98757,,0x0D7A2FFd780B17C3f21Af98FdAfD9F543eD846a7,eliminated on day 5,,?,?,,,,
#206,,,,0x10676738Db9601C5AF144A17C3A48C8eBDA7E353,eliminated on day 5,,?,?,,,,
#196,k007001k,k007001k,,0x29d0679104044e55a21F3358f4eCdD2F362DE477,eliminated on day 5,,?,?,,,,
#193,_trente_,_trente_,,0xC3edCBe0F93a6258c3933e86fFaA3bcF12F8D695,eliminated on day 5,,?,?,,,,
#179,benlambert08,benlambert08,,0xdb39F11c909bFA976FdC27538152C1a0E4f0fCcA,eliminated on day 5,,?,?,,,,
#175,evabeylin,evabeylin,,0x892857D3A0E6ca504dA54470A0d71593525Ebc22,eliminated on day 5,,?,?,,,,
#171,sarahzorah,sarahzorah,,0x0A593918bbb4EbD75C2261cF77c46C1381Ee9102,eliminated on day 5,,?,?,,,,
#166,BoredElonMusk,BoredElonMusk,,0xEa1fb7d2372eB3B2F506F81E77136eF64f4815B6,eliminated on day 5,,?,?,,,,
#149,Theozzero,Theozzero,,0xe0B0eb8b9352468cA665a14F29BB68762307187B,eliminated on day 5,,?,?,,,,
#148,,,,0xb9169099A116b2f47794C9F25A18e1be6ead08f3,eliminated on day 5,,?,?,,,,
#135,sandiforward,sandiforward,,0xf0b919d83e22a9FAa8d3277855EEf3245daEdfaD,eliminated on day 5,,?,?,,,,
#117,,,,0x2059a96525c364560A806Ca035a40C9F379eBcA9,eliminated on day 5,,?,?,,,,
#106,,,,0x5F77DBc7686327D3BF6eC1887E5a3AdA0aE60841,eliminated on day 5,,?,?,,,,
#92,alinaferry,alinaferry,,0xaf2FD097DDD5c0961ffc2b0bAA36f335c075D450,eliminated on day 5,,?,?,,,,
#91,LordWillYung,LordWillYung,,0x0C07A8Cbc6dc88637F9781fF63D557E3d953E3BC,eliminated on day 5,,?,?,,,,
#81,delovoyresearch,delovoyresearch,,0x32245e7E21c7aAFEbB67A331F3e0a3D32b64D36C,eliminated on day 5,,?,?,,,,
#55,Carterstrick96,Carterstrick96,,0x64d5f3D2C8c7feeF13Aa63126E4e07E1Ce69D20B,eliminated on day 5,,?,?,,,,
#44,age_shulman,age_shulman,,0xaeA4A0dEDb94BA5b2b8ED9477A8a54379C584542,eliminated on day 5,,?,?,,,,
#31,carlosecgomes,carlosecgomes,,0xF0CAd7C8b383f79A879eB6Df644e336234EBDac8,eliminated on day 5,,?,?,,,,
#712,,,,0x501F2b058A5258f2717D585A613A234b4961Ba11,eliminated on day 3,,?,?,,,,
#704,,,,0x0381C914Da0F156c327B4f68738eb56C2A62Df34,eliminated on day 3,,?,?,,,,
#702,BojkoEvgen52035,BojkoEvgen52035,,0x00E9d07a7174CBbF92d0221724b72351430d998B,eliminated on day 3,,?,?,,,,
#689,provodnik77,provodnik77,,0x1845E7d10e9dB3749ca34677254e305a834B8458,eliminated on day 3,,?,?,,,,
#685,Tuckerabuse,Tuckerabuse,,0x3d26B1e4b80417d121207FC4590238048D13D4e6,eliminated on day 3,,?,?,,,,
#683,thotties3,thotties3,,0xBCBB84FE45F2A4e65638dB2C19c51D0574C6F4A7,eliminated on day 3,,?,?,,,,
#681,nisa_achnesia,nisa_achnesia,,0x07233671c93558e80747625fa95b83900b3c097D,eliminated on day 3,,?,?,,,,
#678,whiwysrhiidewi,whiwysrhiidewi,,0xB7737Ed64218350465D56E2Db0394A8F0Cd75051,eliminated on day 3,,?,?,,,,
#674,larryj353,larryj353,,0xed191B588d06CF7F43316E173582Ac89A77D7D6e,eliminated on day 3,,?,?,,,,
#670,academicHorne,academicHorne,,0x210c6BE5ccA28a2a6FBd6Fd9E3Dcc65C2f488f8E,eliminated on day 3,,?,?,,,,
#668,Achmadi_SBHC,Achmadi_SBHC,,0x30A34B8Bb57A692DC750be9104A998140fA633a8,eliminated on day 3,,?,?,,,,
#666,addifred,addifred,,0xF7E17aEB8C7Eb520A5BB725E2546376f91E1fe0C,eliminated on day 3,,?,?,,,,
#665,JeHaKukalianda,JeHaKukalianda,,0x73119aa64984704ab45901af1Ec41d1AC5db13Dc,eliminated on day 3,,?,?,,,,
#664,mmazkmhrdkaay,mmazkmhrdkaay,,0x6FEC2005739400c33Da4A29101dCB5609aB16999,eliminated on day 3,,?,?,,,,
#662,nwalpha,nwalpha,,0xE286138f2f30a93F92be62f7F782BDd18C15e1FE,eliminated on day 3,,?,?,,,,
#659,cryptskip,cryptskip,,0xA7e9DBB781A18f67d115Ff8a7b5512A182ddd9a9,eliminated on day 3,,?,?,,,,
#651,secondcycle_,secondcycle_,,0x4aC4ec3fA79585dE9487561e1fF9aa76aE1a009B,eliminated on day 3,,?,?,,,,
#648,CryptoStatuette,CryptoStatuette,,0xBe72BF14Bfb9DE3c079BF5C6FAdE0cAc591A3C7d,eliminated on day 3,,?,?,,,,
#639,TarolZen,TarolZen,,0x5244736b3A8F898149aE33f013126A20cE7abc62,eliminated on day 3,,?,?,,,,
#638,n0bodyswag,n0bodyswag,,0x29ee39be789aDA5cBb2051f4bDd70Dd735Aed7d0,eliminated on day 3,,?,?,,,,
#636,TrayvonMcclary,TrayvonMcclary,,0x8F2A0c6BDd5c1f61552558D2C0D2Afe6d3dC5272,eliminated on day 3,,?,?,,,,
#635,0xtresa,0xtresa,,0x71213a9C9504E406d3242436A4bf69c6bfE74461,eliminated on day 3,,?,?,,,,
#634,justzapit,justzapit,,0x078Ad5270b0240D8529f600f35A271Fc6E2b2bD8,eliminated on day 3,,?,?,,,,
#630,iruletrenches,iruletrenches,,0x1F67DDe8d78f4247393e4A8FEb21061e19e5f158,eliminated on day 3,,?,?,,,,
#628,brxckinridge,brxckinridge,,0xF90494E746Be5674F3121C62A588DAdd2b3D3d4E,eliminated on day 3,,?,?,,,,
#611,Q67Nb,Q67Nb,,0xce9DFa5595b43CD7800dAC3683EBE40665826a91,eliminated on day 3,,?,?,,,,
#606,nazaer8,nazaer8,,0x49698ddF40Ff304A647eE8BcbEd7dd660034DdAe,eliminated on day 3,,?,?,,,,
#602,TropicalDog2,TropicalDog2,,0x34B65F64cdB38cA59BD571e9A207e62Acde65b2B,eliminated on day 3,,?,?,,,,
#600,WakiyamaP,WakiyamaP,,0x880c4F74C3d4C39D75F8e2aD958F40671416bf66,eliminated on day 3,,?,?,,,,
#599,GyuzaRidani,GyuzaRidani,,0xe50f414e24e4132Df617Bd74Ea5e04bb9364d181,eliminated on day 3,,?,?,,,,
#597,,,,0xDC4471ee9DFcA619Ac5465FdE7CF2634253a9dc6,eliminated on day 3,,?,?,,,,
#596,NTBro,NTBro,,0x7b78F347cc40F15344EDE278EcEC4E39E1F15485,eliminated on day 3,,?,?,,,,
#595,DylansToeJam,DylansToeJam,,0x686A1B34bd2A22D809826Dc632C8476756cc80ed,eliminated on day 3,,?,?,,,,
#594,artivilla,artivilla,,0xec9b783267E470BE3E0f3dDC6ECB27fD56e943C7,eliminated on day 3,,?,?,,,,
#592,docdynasty_,docdynasty_,,0x766B4d7e848b22b24E61B3502F2F71576f996e37,eliminated on day 3,,?,?,,,,
#589,3LAU,3LAU,,0xc41D1F5Fc64aFcF6C999D1CEF4f4ce1649d9653f,eliminated on day 3,,?,?,,,,
#584,,,,0x4a1C4a25EA078C700F78c4bE3D98ad122D51C045,eliminated on day 3,,?,?,,,,
#574,ApeGuevara,ApeGuevara,,0xCa01885afab1942af606828B5c414F2D7068f3f2,eliminated on day 3,,?,?,,,,
#572,,,,0x86486335295f0DF2E4f1C93fA3CC352c5EA2340A,eliminated on day 3,,?,?,,,,
#570,warmannet123,warmannet123,,0x9a9bF95c4bbe82705151879FAb44c29a3d126Acf,eliminated on day 3,,?,?,,,,
#568,AirdropNodes,AirdropNodes,,0x9B7dCA2E61d08C176a0043AB7c0554980411243f,eliminated on day 3,,?,?,,,,
#565,vonhulewicz,vonhulewicz,,0x573A839943FfEb67D765115DB22FFDc07E81Fe92,eliminated on day 3,,?,?,,,,
#561,,,,0x931E76877118C84F1D904295971cE383eCfeD5f4,eliminated on day 3,,?,?,,,,
#557,yeradaoti,yeradaoti,,0xe630D567129C08dc6E16F9D6D475c184e7893094,eliminated on day 3,,?,?,,,,
#549,hi_im_nico,hi_im_nico,,0x673A827c0DF98274fa94EF194f7f9D1a8A00BBB9,eliminated on day 3,,?,?,,,,
#548,MetaLabsDAO,MetaLabsDAO,,0x8a6bee8590ee419e23d857e2d8c3c48A4Eb8f1Bc,eliminated on day 3,,?,?,,,,
#547,lay2000lbs,lay2000lbs,,0x1d2C052d4a0273de4BF5BA133aD230C25E84e979,eliminated on day 3,,?,?,,,,
#546,ALugovoy8419,ALugovoy8419,,0x75675550EE37B30bbcF84e04322C0974377eee8d,eliminated on day 3,,?,?,,,,
#536,,,,0xf1E7DBEDD9e06447e2F99B1310c09287b734addc,eliminated on day 3,,?,?,,,,
#535,alexkayaian,alexkayaian,,0xf00408DDcAf624129cC0D08AA122A7ABE1f2EF31,eliminated on day 3,,?,?,,,,
#534,shmkdbr,shmkdbr,,0xb3f9Db09cd32cAD33B1559f3d6E1A9435fb46834,eliminated on day 3,,?,?,,,,
#532,,,,0x8889Bc01dF9B009612e25003eBa5D07678dC18AD,eliminated on day 3,,?,?,,,,
#530,TheHub29545652,TheHub29545652,,0xB592b0209831bd144c5Ce3F5330DA1dCA2e6404e,eliminated on day 3,,?,?,,,,
#527,JustinCBram,JustinCBram,,0xAf98Bb4bCeD00A17fFE020499C342CFC3511Fb10,eliminated on day 3,,?,?,,,,
#526,,,,0x754F8C5df6Fb5bFc2b3001Fcbe4aC5797F2FE534,eliminated on day 3,,?,?,,,,
#525,panik_eth,panik_eth,,0x702ba46435D1E55B18440100BC81EB055574875e,eliminated on day 3,,?,?,,,,
#523,birkenroll56138,birkenroll56138,,0x38d1F8bB2758bdabc5c754cfE4fbd1d95fac77Dd,eliminated on day 3,,?,?,,,,
#522,,,,0x3EE51B71C4A3c301012E9CB7B5baF3c365834E80,eliminated on day 3,,?,?,,,,
#499,winnyeth,winnyeth,,0xAf153E755F59BB62ba8A5b7e5FfDB71c0aC43305,eliminated on day 3,,?,?,,,,
#493,bitcoinPalmer,bitcoinPalmer,,0x562257821731283b842cF689Df9941ddBeC3a2a5,eliminated on day 3,,?,?,,,,
#490,TopherGMI,TopherGMI,,0x0886d5a025c8E6e65Bc0E0b988B5FDD52A576cd9,eliminated on day 3,,?,?,,,,
#487,Bbblubyy,Bbblubyy,,0xC8D9B774F920382e9b69900C9506e7126D3Ee899,eliminated on day 3,,?,?,,,,
#485,ldelisle09,ldelisle09,,0xAEF9fDdC9194e454f2Da39aD0423cdcE6270664a,eliminated on day 3,,?,?,,,,
#480,,,,0x15f40E212b5200fd0bdB1B63149De9A1496aAF8B,eliminated on day 3,,?,?,,,,
#476,dee_centralized,dee_centralized,,0x3D85b098701d1a1dcCc2d627269f360814E1377d,eliminated on day 3,,?,?,,,,
#468,,,,0x8AA771c9AbFfcfAaaeCAcD6b8a7c635b408eE44c,eliminated on day 3,,?,?,,,,
#461,,,,0xfFe2e8a365f7a9072cB21d6e7Ce9e8311ea9c709,eliminated on day 3,,?,?,,,,
#447,sinahab,sinahab,,0x03B79C0C1487a68AeabD9AA4ce779DaD77855F52,eliminated on day 3,,?,?,,,,
#444,ultraviolet1000,ultraviolet1000,,0xfC3Fe2bf8413056265fEbD5Cc5D9A4Babc9A3843,eliminated on day 3,,?,?,,,,
#425,ben_leb,ben_leb,,0x7811741547A4b01C0E3083a88D230057087dB706,eliminated on day 3,,?,?,,,,
#419,,,,0x5cdD7A673eD457aD07B14Db228BA45872F49D3A4,eliminated on day 3,,?,?,,,,
#415,Procrypt,Procrypt,,0x39F051094d742a3c412795804d3f61DAb600E2fA,eliminated on day 3,,?,?,,,,
#414,Hackbyo,Hackbyo,,0x5385B9DCCD005E22c7DB766b5b1063a7D0768DAc,eliminated on day 3,,?,?,,,,
#412,KirihayaaA,KirihayaaA,,0xB6a30Fd5ed09DadD85FF5d6c0c704273053F6bC3,eliminated on day 3,,?,?,,,,
#403,DefiGod5,DefiGod5,,0xC03BDdC3322aaD6f4F7880420Be89323e4A8c2AD,eliminated on day 3,,?,?,,,,
#397,cyneriss,cyneriss,,0x92703b74131dABA21d78eabFEf1156C7ffe81dE0,eliminated on day 3,,?,?,,,,
#396,,,,0x10D6d2e343281D388291A3e02f3293AaEdA67178,eliminated on day 3,,?,?,,,,
#391,HammeIAm,HammeIAm,,0x6B6c51C444fea186e7dAb8963730f37FAFf1dB16,eliminated on day 3,,?,?,,,,
#390,elontaviousmusk,elontaviousmusk,,0x178B94AC96DCb82F47dE3e8c64Ac0B92c8F8085A,eliminated on day 3,,?,?,,,,
#363,nfeignon,nfeignon,,0xBBe7B47d30Dd6c44018e8fEd838ECDD56037f03F,eliminated on day 3,,?,?,,,,
#362,drawingContext,drawingContext,,0x91c9Fd53a5411a2007f42bD1e5C9fC65a44182C7,eliminated on day 3,,?,?,,,,
#356,shitycoder,shitycoder,,0xaB8A7848E9C6E22e52B5e3edf8e2b779727B17Ad,eliminated on day 3,,?,?,,,,
#355,chunkyfila,chunkyfila,,0x81e6a95aF58BFAEe9E85E931519aF4E1D0679bAC,eliminated on day 3,,?,?,,,,
#354,snakeslayerrr,snakeslayerrr,,0x34FB2101dafCDB8239e5069b64605Ab6cB3493cB,eliminated on day 3,,?,?,,,,
#346,pravijn,pravijn,,0xeE49f82e58A1C2B306720D0c68047CBf70C11FB5,eliminated on day 3,,?,?,,,,
#338,moonpay,moonpay,,0x27c30763dcEf725E4cf55FF22a7294cF1E00cd9D,eliminated on day 3,,?,?,,,,
#337,goldytalks,goldytalks,,0x116BfA960051bF1FE1ee5a7D35b23eb856e37b99,eliminated on day 3,,?,?,,,,
#332,6wMVo26TDDGTNDx,6wMVo26TDDGTNDx,,0xad7C2120304f6C904897EbeED579C821921e76ee,eliminated on day 3,,?,?,,,,
#326,,,,0x2943475500734B11865599D19A47c4FCA85DdF57,eliminated on day 3,,?,?,,,,
#323,Crypto_Syd,Crypto_Syd,,0xE3881F30b0Ac4027D96C42E71F2c5547c99BDe8c,eliminated on day 3,,?,?,,,,
#322,raheembale,raheembale,,0x3CA939b4aB8991ebBbe53d06Dd91302DF60C9Cf9,eliminated on day 3,,?,?,,,,
#321,flowbertgustave,flowbertgustave,,0x26cB8d62DC6a7433eaC523431AA55edD09daFe19,eliminated on day 3,,?,?,,,,
#313,noahpompan,noahpompan,,0x41e54704aCc2787B2B987b56111ca934AD3e3210,eliminated on day 3,,?,?,,,,
#310,TheOneandOmsy,TheOneandOmsy,,0xDD4C03F0390215C3CF9041662db9778E57a012bE,eliminated on day 3,,?,?,,,,
#301,,,,0xD96ecccD2f5e8C188B7a332F2829acA7f77DA11f,eliminated on day 3,,?,?,,,,
#291,AlexMasmej,AlexMasmej,,0x95a52074D9c28043c7D890d31f648612B7dd45A0,eliminated on day 3,,?,?,,,,
#290,bellucci_m55960,bellucci_m55960,,0x06338d058543Fea91aDa1e46646E343b4B0E2Fc4,eliminated on day 3,,?,?,,,,
#289,CryptoRabble,CryptoRabble,,0x7f6Bec66a7512979a3Eb634c53eF9b89FB71A4d0,eliminated on day 3,,?,?,,,,
#283,Cooopahtroopa,Cooopahtroopa,,0x5B93FF82faaF241c15997ea3975419DDDd8362c5,eliminated on day 3,,?,?,,,,
#273,,,,0x08b296a897b1c8A033066A34Dfde80c66A825D7B,eliminated on day 3,,?,?,,,,
#270,_juliarosenberg,_juliarosenberg,,0xe4520F2763D1aafF3A4317726D582CF9494a71Eb,eliminated on day 3,,?,?,,,,
#269,nbaronia1,nbaronia1,,0xe3D73DAaE939518c3853e0E8e532ae707cC1A436,eliminated on day 3,,?,?,,,,
#264,Nir,Nir,,0x4303Ddc9943D862f2B205aF468a4A786c5137E76,eliminated on day 3,,?,?,,,,
#253,AshAEgan,AshAEgan,,0x6e32c149094e8007D7Bb838554175470EcF82f3E,eliminated on day 3,,?,?,,,,
#249,cfields_5,cfields_5,,0x373fc8DF832bB0290F48f6dA4f39d514d3af1d93,eliminated on day 3,,?,?,,,,
#245,BobbyThakkar,BobbyThakkar,,0x7558B9A644CcD3C815F7b717213Dff0B0a9b0f98,eliminated on day 3,,?,?,,,,
#243,,,,0xF417ACe7b13c0ef4fcb5548390a450A4B75D3eB3,eliminated on day 3,,?,?,,,,
#236,iamedwardtay,iamedwardtay,,0x38430336153468dcf36Af5cea7D6bc472425633A,eliminated on day 3,,?,?,,,,
#229,0xBhaisaab,0xBhaisaab,,0x2CD1353Cf0E402770643B54011A63B546a189c44,eliminated on day 3,,?,?,,,,
#217,pjmfyi,pjmfyi,,0x35DC0E1F6C222C98Ae436933Df60bfF72dAcC772,eliminated on day 3,,?,?,,,,
#215,sea__well,sea__well,,0x2D4c442c1EE2c4517da7C99A4d8Ec97Af926Acbf,eliminated on day 3,,?,?,,,,
#214,a6304436,a6304436,,0xAE342BC1DdacE51f674151633f9FB3F52440E961,eliminated on day 3,,?,?,,,,
#213,conatux,conatux,,0xB635FA1A4E7F1f2edf5fBe4630040cb6db0B40af,eliminated on day 3,,?,?,,,,
#207,wijuwiju0x,wijuwiju0x,,0xF4844a06d4f995C4c03195AfcB5Aa59dCBB5b4Fc,eliminated on day 3,,?,?,,,,
#178,0xbamboostrong,0xbamboostrong,,0x37e6072596a35B623e949690dE49430706ADD855,eliminated on day 3,,?,?,,,,
#173,syoutt22,syoutt22,,0xDE9EDb7659FfC872A5661331dbd9b6657227E577,eliminated on day 3,,?,?,,,,
#154,packyM,packyM,,0x2920A3192613d8c42f21b64873dc0Ddfcbf018D4,eliminated on day 3,,?,?,,,,
#143,ChompixGaming,ChompixGaming,,0x1d2F6943059A42Da929d6a8057d1e010095CD801,eliminated on day 3,,?,?,,,,
#133,OnlyWailoaloa,OnlyWailoaloa,,0x9dD7D725982BF9bB1CF1c5ecaC3Ca68e0bDBD2B9,eliminated on day 3,,?,?,,,,
#132,AliceChaverot,AliceChaverot,,0x16255137f389c0176535A1CbE3A5259b198fEe6E,eliminated on day 3,,?,?,,,,
#122,yyyoisha,yyyoisha,,0xaBDcCBCb7aE42b824b5C30128b83d2B9384F0F05,eliminated on day 3,,?,?,,,,
#121,sergedottech,sergedottech,,0x75D2ADeE5e58bb3a68b32b22DA54CE28504B03ad,eliminated on day 3,,?,?,,,,
#119,Humanautxyz,Humanautxyz,,0x9113F0D1d6541C4fe16B55873AA79d4a90b0bcc0,eliminated on day 3,,?,?,,,,
#108,GabbyVorbeck,GabbyVorbeck,,0x5d5D1c3179aDdf4A598818421047Ffa622052eF6,eliminated on day 3,,?,?,,,,
#107,shaaa256,shaaa256,,0x80cef8f224Deb7cBbfbb6b1Afb6d89652e933d0F,eliminated on day 3,,?,?,,,,
#102,chyyynh,chyyynh,,0x5bb96c35a68Cba037D0F261C67477416db137F03,eliminated on day 3,,?,?,,,,
#100,iamjackiechain,iamjackiechain,,0x00F5058230D8Dff9047b2BDFa14eDAE21c53D0FC,eliminated on day 3,,?,?,,,,
#96,0xSkyMine,0xSkyMine,,0xB68A6a83CfCA2e7FDE2aa5749b85e753f55D58Cd,eliminated on day 3,,?,?,,,,
#94,lukecannon727,lukecannon727,,0x8874174A2366668d54fEa6343F71709389563c8a,eliminated on day 3,,?,?,,,,
#76,,,,0x34bfCd82f1E3Dac79c6b3D033ab871EE4f6AAECa,eliminated on day 3,,?,?,,,,
#68,ionspired,ionspired,,0x657143820Ee59B5F0Da0de12BD199674178777cD,eliminated on day 3,,?,?,,,,
#33,maxslch,maxslch,,0xbAba775A0400A5E442335CEaa4820eDb1DeD8f73,eliminated on day 3,,?,?,,,,
#30,colfaxselby,colfaxselby,,0x56d389C4E07A48d429035532402301310B8143A0,eliminated on day 3,,?,?,,,,
#29,yixiaoruoyu,yixiaoruoyu,,0x57d1b3a9fa46067378720ddD6ac5286025327057,eliminated on day 3,,?,?,,,,
#20,denisqix,denisqix,,0x1048C9e572fAC450805675de496E83B038CF228C,eliminated on day 3,,?,?,,,,
#19,markut__hisaval,markut__hisaval,,0xc705FB524C6b9e338b9768496859b188d668Ea5e,eliminated on day 3,,?,?,,,,
#15,ruanxian520,ruanxian520,,0x84A055539b8DFFd21EDB969dB4C966dAb6b8c574,eliminated on day 3,,?,?,,,,
#11,__HBB__,__HBB__,,0xB2D7e5cDE14f003762b6c6B3B801343Cd9EA76E3,eliminated on day 3,,?,?,,,,
#6,tut_tu_tu,tut_tu_tu,,0xA41307cFFc044612806d819a1E9E411CA7De4abd,eliminated on day 3,,?,?,,,,
#5,lost12306,lost12306,,0x667Ac63c76ddA80C59EA6d6d65C6179946e917C7,eliminated on day 3,,?,?,,,,
#1,Rhynotic,Rhynotic,,0xFc3C962FAD2C1cC77f1a0d46e7B8a2De79A21774,eliminated on day 3,,?,?,,,,
#710,,,,0x027795dE35AC8157dC3fc468927Db2DfFf2413De,eliminated on day 2,,?,?,,,,
#688,,,,0x48C730819aEB59410F40Bb124C4A71379aaDA4a4,eliminated on day 2,,?,?,,,,
#682,,,,0xBc699D1618Ac14AbF1A63b2adA3f9D182D6dde8F,eliminated on day 2,,?,?,,,,
#645,,,,0x7a706DD4237744057a589C69a388635B07686045,eliminated on day 2,,?,?,,,,
#641,,,,0x77cF3C8107C68c0fC9e0C7D60547205EDc026CD9,eliminated on day 2,,?,?,,,,
#640,,,,0x3274f4B644b4129Fd70502534B1269d72623cA96,eliminated on day 2,,?,?,,,,
#631,,,,0xc62bBa8041AA606C42Bd4c0d67d91De4C0eD60C5,eliminated on day 2,,?,?,,,,
#571,,,,0x792C061d53584274F8C215d8feb836fCaC9a6317,eliminated on day 2,,?,?,,,,
#449,,,,0x02D52dc45881D1F6b08D1Ab9c196287624E5Ffc9,eliminated on day 2,,?,?,,,,
#441,,,,0xA51B7D35376809156528108E6c2e2f200A24fd42,eliminated on day 2,,?,?,,,,
#420,,,,0x6cCda8f387803Ee8A5663C8EB0A165374DC0298d,eliminated on day 2,,?,?,,,,
#411,,,,0xD6a2E38Df37b1301456A14A0755c4dB48b876016,eliminated on day 2,,?,?,,,,
#404,,,,0x4662B891269e2196E67CcA73E4b7812dd91C7ae3,eliminated on day 2,,?,?,,,,
#380,,,,0x4a38c18f58e574C28c57E3344F140a32141775D4,eliminated on day 2,,?,?,,,,
#364,,,,0x0497edeDbb17E27D200F9FC7fd2E4F727970246C,eliminated on day 2,,?,?,,,,
#275,,,,0x950615b7fDFfb113BA53801EA6129AE7E372558e,eliminated on day 2,,?,?,,,,
#255,,,,0xE8B0016130A38f26c116576A7b13267c9FB11B59,eliminated on day 2,,?,?,,,,
#184,,,,0x053707B201385AE3421D450A1FF272952D2D6971,eliminated on day 2,,?,?,,,,
#160,,,,0x97Ada6FdC04111dc901A8e93464FecdBB2Ca8DDe,eliminated on day 2,,?,?,,,,
#157,,,,0xE22276077f9DB31B0be7E78aD91aCD60bC8Eb6b2,eliminated on day 2,,?,?,,,,
#145,,,,0xb8efFE4Cd13B9b269abA6BE8920fD235A555bCa2,eliminated on day 2,,?,?,,,,
#113,,,,0xb0E2f6Af7A164Aa036D7A3b37ea96ca5143518da,eliminated on day 2,,?,?,,,,
#79,,,,0xCf2b7c6Bc98bfE0D6138A25a3b6162B51F75e05d,eliminated on day 2,,?,?,,,,
#78,,,,0x9cF9B3A7bdd41348BEAA1C0642de8D6D55653eB3,eliminated on day 2,,?,?,,,,
#48,,,,0xf09B6fda7D6620A902924E3926cbf3D898FD0a5C,eliminated on day 2,,?,?,,,,